"Facultés universitaires Saint-Louis",7,"Bld du Jardin Botanique",43,204
"Faculté universitaire de Théologie protestante",7,"Rue des Bollandistes",40,222
"Université libre de Bruxelles",7,"Avenue Franklin Roosevelt",50,230
"Université catholique de Louvain",7,"Place de l'Université",1,681
"Université de Liège",7,"Place du Vingt Août",9,2088
"Facultés Universitaires Notre-Dame de la Paix",7,"Rue de Bruxelles",61,3224
"Université de Mons",7,"Place du Parc",20,1572
"Académie universitaire Wallonie-Europe",7,"Place du 20 août",7,2088
"Académie universitaire 'Louvain'",7,"rue de Bruxelles",61,3224
"Académie universitaire Wallonie-Bruxelles",7,"Rue de Villers",227,1458
"RENE THONE ECOLE PRIMAIRE ET SECONDAIRE ENS. SPECIALISE PROVINCIAL",6,"Rue du Débarcadère",100,1457
"Institut Enseignement Spécialisé Secondaire Provincial",6,"Rue de Beaumont",266,1456
"ECOLE TECHNIQUE PROVINCIALE D'ENSEIGNEMENT SPECIALISE ECOLE CLINIQUE PROVINCIALE",6,"Rue de Lodelinsart",157,1470
"ETABLISSEMENT LIBRE D'ENSEIGNEMENT SECONDAIRE SPECIALISE ""LE SOLEIL LEVANT""",6,"Rue Grimard",175,1470
"Enseignement Spécialisé Secondaire Libre",6,"Rue Wilmet",42,1510
"Institut Enseignement Secondaire Spécialisé Libre",6,"Rue du Sanatorium",74,1813
"Ecole Secondaired'  Enseignement Spécialisé Libre",6,"Rue de l'Abbaye d'Aulne",2,1495
"E.S.E.S.C.F. ENSEIGNEMENT SPECIALISE DE LA COMMUNAUTE FRANCAISE",6,"Rue Auguste Guerlement",36,1725
"Enseignement Secondaire Spécialisé Communal",6,"Rue Hubert Bayet",10,1476
"E.P.S.E.S.C.F. ENSEIGNEMENT SPECIALISE PRIMAIRE ET SECONDAIRE DE LA COMMUNAUTE FRANCAISE",6,"Rue de Loverval",262,1473
"Institut Secondaire Enseignement Spécialisé Libre",6,"Boulevard Louise",23,1746
"Arthur Regniers Enseignement Spécialisé Provincial",6,"Rue Evelyn Drory",2,1776
"Institut Enseignement Secondaire Spécialisé Libre",6,"Rue de Maubeuge",170,1761
"I.M.P.Enseignement Secondaire Spécialisé",6,"Rue de Beauwelz",13,1783
"Ecole Secondaire d' Enseignement Spécialisé Libre",6,"Rue des Maies",29,2738
"Institut d'Enseignement Spécialisé Primaire & Secondaire de la Communauté française",6,"Rue du Château",19,2761
"Institut d' Enseignement Secondaire Spécialisé Libre",6,"Rue Saint-Antoine",199A,2941
"Enseignement Spécialisé Primaire & Secondaire de la Communauté française",6,"Chemin Morel",71,2980
"Enseignement Spécialisé Secondaire de la Communauté française",6,"Rue Mionvaux",33,2818
"Institut d' Enseignement Secondaire Spécialisé Libre",6,"Terre aux Ris",1,2786
"Institut Provincial Secondaire Spécialisé",6,Briscol,12,2799
"INSTITUT DES SOEURS DE NOTRE-DAME",5,"Rue de Veeweyde",40,198
"INSTITUT NOTRE-DAME",5,"Rue de Fiennes",66,198
"ECOLE SECONDAIRE BRACOPS-LAMBERT - 1 ER DEGRE AUTONOME",5,"Av Victor et Jules Bertaux",45,198
"ATHENEE MAIMONIDE",5,"Boulevard Poincaré",67,198
"ATHENEE ROYAL LEONARDO DA VINCI",5,"Rue Chomé-Wyns",5,198
"INSTITUT COMMUNAL MARIUS RENARD",5,"Rue Georges Moreau",107,198
"INSTITUT MARIE IMMACULEE - MONTJOIE (I.M.M.I.)",5,"Rue des Résédas",51,198
"INSTITUT REDOUTE-PEIFFER",5,"Avenue Marius Renard",1,198
"INSTITUT DE LA PROVIDENCE",5,"Rue Haberman",27,198
"ATHENEE ROYAL D'AUDERGHEM",5,"Avenue du Parc de Woluwe",25-27,200
"INSTITUT SAINT-JULIEN-PARNASSE",5,"Av de l'Eglise St-Julien",22,200
"ATHENEE ADOLPHE MAX",5,"Boulevard Clovis",40,204
"ATHENEE ROYAL DE LA RIVE GAUCHE",5,"Rue Marie-Christine",83,204
"ATHENEE ROBERT CATTEAU",5,"Rue Ernest Allard",49,204
"ATHENEE LEON LEPAGE",5,"Rue des Riches Claires",30,204
"LYCEE EMILE JACQMAIN",5,"Rue Belliard",135A,222
"ATHENEE EMILE BOCKSTAEL",5,"Rue Reper-Vreven",80,204
"LYCEE HENRIETTE DACHSBECK",5,"Rue de la Paille",24,204
"INSTITUT SAINT-LOUIS",5,"Rue du Marais",113,204
"LYCEE MARIA ASSUMPTA",5,"Avenue Wannecouter",76,204
"ATHENEE DES PAGODES",5,"Rue de Beyseghem",141,204
"COLLEGE LA FRATERNITE",5,"Rue de Molenbeek",173,204
"ATHENEE ROYAL GATTI DE GAMOND",5,"Rue du Marais",65,204
"ATHENEE ROYAL DE BRUXELLES II",5,"Rue Marie-Christine",37,204
"LYCEE LA RETRAITE",5,"Rue des Confédérés",70,204
"INSTITUT DIDEROT",5,"Rue des Capucins",58,204
"INSTITUT PAUL-HENRI SPAAK",5,"Rue Alfred Stevens",20,204
"INSTITUT MARIS STELLA",5,"Rue Félix Sterckx",44,204
"INSTITUT BISCHOFFSHEIM",5,"Rue de la Blanchisserie",52,204
"INSTITUT DES ARTS ET METIERS",5,"Boulevard de l'Abattoir",50,204
"ACADEMIE ROYALE DES BEAUX-ARTS DE BRUXELLES",5,"Rue du Poinçon",28,204
"INSTITUT NOTRE-DAME DE LOURDES",5,"Rue Edmond Tollenaere",32,204
"CENTRE SCOLAIRE SAINT-MICHEL",5,"Boulevard Saint-Michel",24,222
"INSTITUT SAINT-JOSEPH D'ENSEIGNEMENT TECHNIQUE",5,"Rue Félix Hap",14,222
"CENTRE D'ENSEIGNEMENT SECONDAIRE D'ETTERBEEK ERNEST RICHARD",5,"Place Saint-Pierre",5,222
"INSTITUT REINE FABIOLA ENS. PROFESSIONNEL",5,"Rue de Haerne",220,222
"ATHENEE ROYAL JEAN ABSIL",5,"Avenue Hansen-Soulie",27,222
"INSTITUT DE L'ENFANT-JESUS",5,"Rue Général Leman",74,222
"INSTITUT SAINT-STANISLAS",5,"Avenue des Nerviens",131,222
"COLLEGE ROI BAUDOUIN",5,"Avenue Félix Marchal",62,246
"ATHENEE ROYAL D'EVERE",5,"Avenue Constant Permeke",2,224
"ATHENEE ROYAL ANDREE THOMAS",5,"Avenue Reine Marie-Henriette",47,226
"INSTITUT SAINTE-URSULE",5,"Avenue des Armures",39,226
"COLLEGE DU SACRE-COEUR",5,"Rue Louis Delhove",65,228
"CENTRE SCOLAIRE NOTRE-DAME DE LA SAGESSE",5,"Avenue Van Overbeke",10,228
"ATHENEE ROYAL DE GANSHOREN",5,"Rue Auguste De Cock",1,228
"INSTITUT SAINT-BONIFACE- PARNASSE",5,"Rue du Viaduc",82,230
"CENTRE SCOLAIRE ""MA CAMPAGNE""",5,"Rue Africaine",3,230
"CENTRE SCOLAIRE SAINT-VINCENT SAINT-FRANCOIS",5,"Chaussée de Vleurgat",55,230
"INSTITUT SAINT-ANDRE",5,"Avenue de l'Hippodrome",180,230
"CENTRE SCOLAIRE EPERONNIERS-MERCELIS",5,"Rue Mercelis",36-38,230
"INSTITUT TECHNIQUE RENE CARTIGNY",5,"Place de la Petite Suisse",4,230
"ATHENEE COMMUNAL CHARLES JANSSENS",5,"Place de Londres",5,230
"CENTRE SCOLAIRE SAINT-ADRIEN - VAL DUCHESSE",5,Schoolgat,5,230
"ATHENEE ROYAL DE JETTE",5,"Avenue de Levis Mirepoix",100,232
"CENTRE SCOLAIRE DU SACRE-COEUR - Section Humanités",5,"Avenue du Sacré-Coeur",8,232
"COLLEGE SAINT-PIERRE",5,"Rue Jean-Baptiste Verbeyst",25,232
"ATHENEE ROYAL DE KOEKELBERG",5,"Rue Omer Lepreux",15,234
"INSTITUT DES URSULINES",5,"RUE JULES DEBECKER",71,234
"ATHENEE ROYAL SERGE CREUZ",5,"Avenue du Sippelberg",2,236
"CAMPUS SAINT-JEAN",5,"Rue de Birmingham",41,236
"ATHENEE ROYAL VICTOR HORTA",5,"Rue de la Rhétorique",16,238
"INSTITUT DES FILLES DE MARIE",5,"Rue Théodore Verhaegen",8,238
"INSTITUT SAINT-JEAN-BAPTISTE DE LA SALLE",5,"Rue Moris",19,238
"INSTITUT SAINTE-MARIE",5,"Rue Emile Feron",5,238
"CENTRE COMMUNAL D'ENSEIGNEMENT TECHNIQUE PIERRE PAULUS",5,"Rue de la Croix de Pierre",73,238
"CENTRE SCOLAIRE DES DAMES DE MARIE-HAECHT-PHILOMENE-LIMITE",5,"Chaussée de Haecht",68,244
"LYCEE GUY CUDELL",5,"Rue de Liedekerke",66,244
"ATHENEE ROYAL ALFRED VERWEE",5,"Rue Verwée",12,246
"ATHENEE COMMUNAL FERNAND BLUM",5,"Avenue Ernest Renan",12,246
"LYCEE COMMUNAL EMILE MAX",5,"Chaussée de Haecht",235,246
"CENTRE SCOLAIRE SAINTE-MARIE - LA SAGESSE",5,"Chaussée de Haecht",164,246
"INSTITUT DE LA SAINTE-FAMILLE D'HELMET",5,"Rue Chaumontel",9,246
"COLLEGE ROI BAUDOUIN ENSEIGNEMENT TECHNIQUE ET PROFESSIONNEL",5,"Avenue Eugène Plasky",184,246
"INSTITUT TECHN. CARDINAL MERCIER-NOTRE-DAME DU SACRE-COEUR",5,"Rue Portaels",81,246
"INSTITUT COMMUNAL TECHNIQUE FRANS FISCHER",5,"Rue Général Eenens",66,246
"INSTITUT SAINT-DOMINIQUE",5,"Rue Caporal Claes",38,246
"ATHENEE ROYAL D'UCCLE I",5,"Avenue Houzeau",87,248
"ECOLE DECROLY",5,"Drève des Gendarmes",45,248
"COLLEGE SAINT-PIERRE",5,"Avenue Coghen",213,248
"CENTRE D'ENSEIGNEMENT SECONDAIRE LIBRE NOTRE-DAME DES CHAMPS",5,"Rue Edith Cavell",143,248
"ATHENEE ROYAL D'UCCLE II",5,"Avenue des Tilleuls",24,248
"INSTITUT SAINT-VINCENT DE PAUL",5,"Place Jean Vander Elst",25,248
"ATHENEE GANENOU",5,"Rue du Melkriek",3,248
"COLLEGE SAINT-HUBERT",5,"Avenue Charle-Albert",9,250
"INSTITUT DE L'ASSOMPTION",5,"Avenue Alfred Solvay",4,250
"ATHENEE ROYAL WOLUWE-SAINT-LAMBERT",5,"Rue de l'Athénée Royal",75-77,252
"CENTRE SCOLAIRE DU SACRE-COEUR DE LINDTHOUT",5,"Avenue des Deux Tilleuls",2,252
"COLLEGE DON BOSCO",5,"Chaussée de Stockel",270,252
"INSTITUT DES DAMES DE MARIE",5,"Rue Vergote",40,252
"INSTITUT DE LA PROVIDENCE",5,"Rue des Déportés",42,252
"ATHENEE ROYAL CROMMELYNCK",5,"Avenue Orban",73,254
"COLLEGE JEAN XXIII",5,"Boulevard de la Woluwe",22,254
"LYCEE MATER DEI",5,"Avenue de l'Aviation",72,254
"INSTITUT DON BOSCO",5,"Avenue du Val d'Or","90 D",254
"CENTRE SCOLAIRE EDDY MERCKX",5,"Avenue Salomé",2,254
"ATHENEE ROYAL RIVA-BELLA",5,"Place Riva Bella",,563
"COLLEGE ARCHIEPISCOPAL CARDINAL MERCIER",5,"Chée de Mont-Saint-Jean",83,563
"INSTITUT DE LA VALLEE BAILLY (Enseignement général)",5,"Rue de la Vallée Bailly",102,563
"INSTITUT D'ENSEIGNEMENT CARDINAL MERCIER",5,"Chemin des Roussettes",10,645
"INSTITUT DE LA VALLEE BAILLY (Enseignement technique)",5,"Rue de la Vallée Bailly",102,563
"CYCLE D'OBSERVATION AUTONOME CARDINAL MERCIER",5,"Chée de Mont-Saint-Jean",83,563
"COLLEGE SAINT-ETIENNE",5,"Av Prisonniers de Guerre",36,576
"INSTITUT TECHNIQUE PROVINCIAL",5,"Parc de Wisterzée",,576
"ATHENEE ROYAL JODOIGNE",5,"Chaussée de Hannut",61,604
"INSTITUT SAINT-ALBERT",5,"Avenue Fernand Charlot",35,604
"C.E.P.E.S. CENTRE PROV. D'ENS. PRIM., SEC. ET PEDAGOG.",5,"Chaussée de Tirlemont",85,604
"ATHENEE ROYAL NIVELLES",5,"Avenue du Centenaire",34,619
"COLLEGE SAINTE-GERTRUDE",5,"Faubourg de Mons",1,619
"INSTITUT DE L'ENFANT-JESUS LYCEE",5,"Rue de Sotriamont",1,619
"INSTITUT PROVINCIAL DES ARTS ET METIERS",5,"Rue Ferdinand Delcroix",33,619
"INSTITUT DU SACRE-COEUR",5,"Rue Saint-Jean",2,619
"INSTITUT PROVINCIAL D'ENSEIGNEMENT TECHNIQUE",5,"Rue du Paradis",79A,619
"ATHENEE ROYAL DE RIXENSART",5,"rue Albert Croy",3,630
"COLLEGE NOTRE-DAME DES TROIS VALLEES",5,"Rue du Couvent",2,632
"INSTITUT PROVINCIAL D'ENSEIGNEMENT SECONDAIRE",5,"Chaussée de Mons",241-243,637
"COLLEGE SAINT-FRANCOIS D'ASSISE",5,"Rue de Mons",74,637
"ATHENEE ROYAL DE WATERLOO",5,"Rue de la Station",118,645
"LYCEE DE BERLAYMONT",5,"Drève d'Argenteuil",10C,645
"INSTITUT D' ENSEIGNEMENT SECONDAIRE DES SACRES-COEURS",5,"Place Albert Ier",,645
"COLLEGE NOTRE-DAME",5,"Rue du Calvaire",4,647
"INSTITUT SAINT-JEAN-BAPTISTE",5,"Rue de Bruxelles",45,647
"INSTITUT DE LA PROVIDENCE 2E ET 3E DEGRES",5,"Rue de Nivelles",52,647
"ECOLE INTERNATIONALE ""LE VERSEAU"" - E.L.C.E.",5,"Rue de Wavre",60,648
"COLLEGE TECHNIQUE SAINT-JEAN",5,"Rue du Pont Saint-Jean",48,647
"INSTITUT DE LA PROVIDENCE (1ER DEGRE)",5,"Rue de Nivelles",52,647
"ATHENEE ROYAL PAUL DELVAUX",5,"Avenue des Villas",15,678
"COLLEGE DU CHRIST-ROI",5,"Rue de Renivaux",25,678
"LYCEE MARTIN V",5,"Rue du Collège",3,681
"ATHENEE ROYAL ATH",5,"Rue des Récollets",9,1378
"INSTITUT TECHNIQUE",5,"Boulevard du Château",12,1378
"INSTITUT PROVINCIAL D'ENSEIGNEMENT SECONDAIRE",5,"Rue Paul Pastur",11,1378
"INSTITUT SAINT-FRANCOIS DE SALES",5,"Rue du Gouvernement",7,1378
"COLLEGE SAINT-JULIEN",5,"Rue du Spectacle",1,1378
"ATHENEE ROYAL LUCIENNE TELLIER",5,"Chemin du Carnois",32A,1440
"ATHENEE ROYAL VAUBAN",5,"Rue Emile Tumelaire",12,1456
"ATHENEE ROYAL ERNEST SOLVAY",5,"Boulevard Emile Devreux",27,1456
"INSTITUT SAINT JOSEPH",5,"Boulevard de l'Yser",12,1456
"CENTRE SCOLAIRE DU SACRE-COEUR",5,"Boulevard Audent",58,1456
"INSTITUT NOTRE-DAME",5,"Rue de Marcinelle",41,1456
"INSTITUT D'ENSEIGNEMENT TECHNIQUE NOTRE-DAME",5,"Rue de la Science",52,1456
"INSTITUT SAINT-ANDRE",5,"Rue du Parc",6,1456
"UNIVERSITE DU TRAVAIL - INSTITUT D'ENSEIGNEMENT TECHNIQUE SECONDAIRE",5,"Boulevard Gustave Roullier",1,1456
"UNIVERSITE DU TRAVAIL - INSTITUT JEAN JAURES",5,"Rue de la Broucheterre",52B,1456
"ATHENEE ROYAL LES MARLAIRES",5,"Rue de la Providence",12,1465
"INSTITUT DE LA PROVIDENCE HUMANITES",5,"Faubourg de Bruxelles",105,1465
"COLLEGE SAINT-MICHEL",5,"Faubourg de Charleroi",15,1465
"INSTITUT SAINTE-ANNE",5,"Rue Circulaire",5,1465
"ATHENEE ROYAL ORSINI DEWERPE",5,"Rue Gendebien",1,1464
"CENTRE SCOLAIRE SAINT-JOSEPH - NOTRE-DAME",5,"Rue Emile Strimelle",1,1464
"ATHENEE ROYAL GILLY",5,"Rue du Calvaire",20,1469
"LYCEE MIXTE FRANCOIS DE SALES",5,"Rue des Vallées",18,1469
"ATHENEE ROYAL YVONNE VIESLET",5,"Rue des Remparts",35,1456
"ATHENEE ROYAL JULES DESTREE",5,"Rue des Haies",76,1457
"INSTITUT PROVINCIAL D'ENSEIGNEMENT SECONDAIRE PARAMEDICAL LA SAMARITAINE",5,"Rue Samaritaine",14,1470
"CENTRE EDUCATIF COMMUNAL SECONDAIRE DE COUILLET-MARCINELLE",5,"Route de Philippeville",304,1458
"CENTRE EDUCATIF COMMUNAL SECONDAIRE ""LA GARENNE""",5,"Rue de Lodelinsart",200,1456
"ATHENEE ROYAL PIERRE PAULUS",5,"Rue des Gaux",100,1473
"ATHENEE ROYAL RENE MAGRITTE",5,"Rue du Collège",16,1473
"INSTITUT SAINTE-MARIE",5,"Rue Neuve",26,1473
"INSTITUT SAINT-JOSEPH",5,"Place Jean Guyot",1,1473
"INSTITUT SAINTE-MARIE",5,"Place d'Arenberg",20,1473
"COLLEGE SAINT PIE X",5,"Rue Lloyd George",15,1473
"ATHENEE ROYAL JOURDAN",5,"Rue de Fleurjoux",3,1484
"INSTITUT NOTRE-DAME",5,"Rue de Bruxelles",97,1484
"ATHENEE ROYAL LOUIS DELATTRE",5,"Rue de l'Athénée",32,1493
"INSTITUT NOTRE-DAME DE LOVERVAL",5,"Chaussée de Philippeville",35,1498
"COLLEGE SAINT-AUGUSTIN",5,"Avenue Astrid",13,1498
"INSTITUT SAINTE-THERESE",5,Grand'Rue,79,1508
"ATHENEE ROYAL PONT-A-CELLES",5,"Rue de l'Eglise",107B,1515
"INSTITUT SAINTE-MARIE",5,"Rue de l'Eglise",7,1534
"INSTITUT TECHNIQUE ET COMMERCIAL DES AUMONIERS DU TRAVAIL",5,"Rue de Caraman",13,1540
"I.E.S.C.A. INSTITUT D'ENSEIGNEMENT SECONDAIRE COMPLEMENTAIRE CATHOLIQUE",5,"Rue de Mons",63,1541
"ATHENEE ROYAL DOUR",5,"Rue de l'Athénée",23,1544
"INSTITUT LA SAINTE-UNION",5,"Rue du Roi Albert",10,1544
"INSTITUT DU SACRE-COEUR",5,"Rue des Dames",77,1549
"ATHENEE ROYAL MONS I",5,"Rue de l'Athénée",4,1572
"ATHENEE ROYAL MARGUERITE BERVOETS",5,"Avenue Victor Maistriau",11,1572
"INSTITUT SAINT-FERDINAND",5,"Avenue Maréchal Foch",824,1572
"CENTRE SCOLAIRE SAINT-STANISLAS",5,"Rue des Dominicains",15,1572
"INSTITUT DE LA SAINTE-FAMILLE",5,"Avenue du Tir",12,1572
"INSTITUT TECHNIQUE SAINT-LUC",5,"Rue Saint-Luc",3,1572
"ECOLE DU FUTUR",5,"Rue des Etampes",2,1572
"ACADEMIE PROVINCIALE DES METIERS",5,"Bld Président Kennedy",10,1572
"INSTITUT TECHNIQUE DES URSULINES",5,"Avenue du Tir",12,1572
"INSTITUT D'ENSEIGNEMENT SECONDAIRE PARAMEDICAL PROVINCIAL",5,"Bld Président Kennedy",2A,1572
"ATHENEE PROVINCIAL JEAN D'AVESNES",5,"Av du Gouverneur E. Cornez",1,1572
"INSTITUT SAINT-LUC",5,"Rue Saint-Luc",3,1572
"INSTITUT DU SACRE COEUR - ENSEIGNEMENT SECONDAIRE GENERAL",5,"Rue des Dominicains",9,1572
"INSTITUT COMMUNAL D'ENSEIGNEMENT SECONDAIRE",5,Grand-Place,,1592
"ATHENEE ROYAL DE QUIEVRAIN",5,"Rue Debast",26,1596
"CENTRE SCOLAIRE DON BOSCO",5,"Rue Grande",21,1596
"ATHENEE ROYAL SAINT-GHISLAIN",5,"Avenue de l'Enseignement",20,1599
"LYCEE DE LA COMMUNAUTE FRANCAISE CHARLES PLISNIER",5,"Rue de Sas",75,1599
"COLLEGE SAINTE-MARIE",5,"Rue du Port",115-117,1599
"LYCEE PROVINCIAL D'ENSEIGNEMENT TECHNIQUE DU HAINAUT",5,"Avenue de l'Enseignement",45,1599
"INSTITUT SAINT-JOSEPH",5,"Avenue de l'Enseignement",10,1599
"ATHENEE ROYAL FERNAND JACQUEMIN",5,"Chaussée de Warneton",26,1647
"INSTITUT SAINT-HENRI",5,"Rue du Commerce",21,1647
"INSTITUT SAINT-CHARLES",5,"Place de la Résistance",10,1638
"INSTITUT COMMUNAL D'ENSEIGNEMENT TECHNIQUE",5,"Rue de France",65,1638
"COLLEGE SAINTE-MARIE",5,"Rue Léopold",61,1638
"COLLEGE SAINTE-MARIE D.O.A.",5,"Rue de Tournai",17,1638
"INSTITUT DU SACRE-COEUR",5,"Rue du Val",43,1638
"INSTITUT DES FRERES MARISTES",5,"Rue des Etudiants",2,1638
"INSTITUT TECHNIQUE SAINT-GABRIEL",5,"Rue de Mons",80,1662
"INSTITUT NOTRE-DAME DE BONNE-ESPERANCE",5,"Rue des Postes",101,1662
"ATHENEE ROYAL D'ENGHIEN",5,"Rue Montgomery",73,1669
"MAISON SAINT-AUGUSTIN (DOA)",5,"Chaussée d'Ath",1,1669
"COLLEGE SAINT-AUGUSTIN",5,"Chaussée d'Ath",1,1669
"INSTITUT SAINT-AUGUSTIN",5,"Chaussée d'Ath",1,1669
"ATHENEE ROYAL LA LOUVIERE",5,"Rue de Bouvy",15,1679
"INSTITUT PROVINCIAL D'ENSEIGNEMENT SECONDAIRE LEON HUREZ",5,"Rue de Bonne Espérance",1,1679
"INSTITUT TECHNIQUE SAINT-JOSEPH (D2-D3)",5,"Rue Gustave Boël",23,1679
"INSTITUT SAINT-JOSEPH (D2-D3)",5,"Rue Gustave Boël",55,1679
"INSTITUT SAINTE-MARIE",5,"Rue de Bouvy",35,1679
"ATHENEE PROVINCIAL",5,"Boulevard du Tivoli",2B,1679
"INSTITUT SAINT-JOSEPH D.O.A.",5,"Rue Gustave Boël",55,1679
"INSTITUT PROVINCIAL DE NURSING DU CENTRE",5,"Rue Ernest Milcamps",13B,1679
"ATHENEE ROYAL RENE MAGRITTE",5,"Rue François Watterman",27,1688
"COLLEGE VISITATION - LA BERLIERE",5,"Parvis Saint-Pierre",13,1688
"ATHENEE ROYAL JULES BORDET",5,"Boulevard Roosevelt",27,1713
"COLLEGE SAINT-VINCENT (D2-D3)",5,"Chaussée de Braine",22,1713
"COLLEGE SAINT-VINCENT DOA",5,"Chaussée de Braine",22,1713
"LYCEE PROVINCIAL DES SCIENCES ET DES TECHNOLOGIES",5,"Rue de la Station",59,1713
"INSTITUT TECHNIQUE SAINT-VINCENT",5,"Chaussée de Braine",22,1713
"ATHENEE ROYAL BEAUMONT",5,"Rue Germain Michiels",3,1727
"INSTITUT PARIDAENS",5,"Grand Place",12,1727
"ATHENEE ROYAL DE BINCHE",5,"Place des Droits de l'Homme",16,1736
"COLLEGE NOTRE-DAME DE BON SECOURS",5,"Rue de Merbes",25,1736
"INSTITUT PROVINCIAL D'ENSEIGNEMENT CHARLES DELIEGE",5,"Rue des Archers",12,1736
"ATHENEE ROYAL DE CHIMAY",5,"Rue de Noailles",3,1746
"COLLEGE SAINT-JOSEPH",5,"Rue de Virelles",75,1746
"INSTITUT NOTRE-DAME",5,"Rue de Virelles",75,1746
"INSTITUT TECHNIQUE DE LA COMMUNAUTE FRANCAISE",5,"Rue Albert Ier",21,1761
"ECOLE D'ARTS ET METIERS",5,"Rue Sainte-Thérèse",47,1761
"ATHENEE ROYAL THUIN",5,"Drève des Alliés",11,1792
"INSTITUT NOTRE-DAME",5,Grand'Rue,68,1792
"SEMINAIRE DE BONNE-ESPERANCE",5,"Rue Grégoire Jurion",22,1801
"ATHENEE PROV. MIXTE WAROCQUE",5,"Rue de l'Enseignement",8-oct,1818
"INSTITUT TECHNIQUE DE LA COMMUNAUTE FRANCAISE",5,"Rue Raoul Warocqué",46,1818
"INSTITUT TECHNIQUE DE LA COMMUNAUTE FRANCAISE DAVID LACHMAN",5,"Rue Pauline Hubert",40,1828
"ATHENEE ROYAL PERUWELZ",5,"Rue des Français",31,1858
"INSTITUT SAINT-CHARLES",5,"Rue Pont à la Faulx",66,1858
"COLLEGE NOTRE-DAME DE LA TOMBE",5,"Rue Abbé Dropsy",2,1875
"INSTITUT DE LA SAINTE-UNION",5,"Rue Montgomery",71,1875
"INSTITUT SAINT-ANDRE",5,"Chaussée de Tournai",57,1875
"ATHENEE ROYAL JULES BARA",5,"Rue Duquesnoy",24,1875
"ATHENEE ROYAL ROBERT CAMPIN",5,"Rue du Château",18,1875
"COLLEGE NOTRE-DAME",5,"Rue des Augustins",30,1875
"INSTITUT DES URSULINES - LA MADELEINE",5,"Rue des Carmes",10,1875
"CENTRE EDUCATIF DE LA SAINTE-UNION",5,"Chaussée de Lille",12,1875
"INSTITUT D'ENSEIGNEMENT SECONDAIRE PROVINCIAL PARAMEDICAL",5,"Rue de la Lys",1,1875
"INSTITUT NOTRE-DAME",5,"Rue du Four Chapitre",3,1875
"INSTITUT PROVINCIAL D'ENSEIGNEMENT SECONDAIRE",5,"Boulevard Léopold",92B,1875
"INSTITUT D'ENSEIGNEMENT TECHNIQUE SAINT-ELOI",5,"Tour Saint-Pierre",11,1916
"ATHENEE PROVINCIAL",5,"Rue du Rempart",16,1916
"COLLEGE SAINT-ELOI",5,"Tour Saint-Pierre",11,1916
"INSTITUT DE L'INSTRUCTION CHRETIENNE-ABBAYE DE FLONE",5,"Chaussée Romaine",2,1932
"PETIT SEMINAIRE DE SAINT-ROCH",5,"Allée de Bernardfagne",7,1951
"ATHENEE ROYAL DE HUY",5,"Quai d'Arona",5,1968
"SAINT-QUIRIN CENTRE D'ENSEIGNEMENT HUY",5,"Rue Entre-Deux-Portes",75,1968
"INSTITUT SAINTE-MARIE",5,"Rue Vankeerberghen",10-déc,1968
"ECOLE POLYTECHNIQUE DE HUY-ENSEIGNEMENT DE LA PROVINCE DE LIEGE",5,"Rue Saint-Pierre",48,1968
"INSTITUT PROVINCIAL D'ENSEIGNEMENT SECONDAIRE DE HUY",5,"Avenue Delchambre",6,1968
"INSTITUT DON BOSCO",5,"Rue des Cotillages",2,1968
"INSTITUT TECHNIQUE DE LA COMMUNAUTE FRANCAISE",5,"Rue Saint-Victor",5,1968
"ATHENEE ROYAL PRINCE BAUDOUIN",5,"Rue Fourneau",40,1971
"ATHENEE ROYAL D'OUFFET",5,"Rue Mognée",21,1985
"INSTITUT LIBRE DU CONDROZ SAINT-FRANCOIS",5,"Rue du Perron",31,1985
"ATHENEE ROYAL D'ANS",5,"Rue Georges Truffaut",37,2021
"COLLEGE SAINT-FRANCOIS D'ASSISE",5,"Rue du Cimetière",2,2021
"ATHENEE ROYAL AYWAILLE",5,"Avenue François Cornesse",48,2032
"CENTRE SCOLAIRE SAINT-JOSEPH - SAINT-RAPHAEL",5,"Avenue de la Porallée",40,2032
"COLLEGE EPISCOPAL DU SARTAY",5,"Rue Pierre Henvard",64,2051
"ATHENEE ROYAL D'ESNEUX",5,"Rue de l'Athénée",6,2065
"CENTRE SCOLAIRE SAINTE-JULIENNE (D2 D3)",5,"Avenue des Martyrs",246,2068
"CENTRE SCOLAIRE SAINTE-JULIENNE(D1)",5,"Avenue des Martyrs",246,2068
"ATHENEE ROYAL DE HERSTAL",5,"Rue Jean Lambert Sauveur",59,2073
"COLLEGE NOTRE-DAME ET SAINT-LAMBERT ET INSTITUT SAINT-LAURENT",5,"Rue Elisa Dumonceau",75,2073
"NOTRE-DAME SAINT LAMBERT ET SAINT-LAURENT DOA",5,"Rue Elisa Dumonceau",75,2073
"ECOLE POLYTECHNIQUE DE HERSTAL - ENSEIGNEMENT DE LA PROVINCE DE LIEGE",5,"Rue de l'Ecole Technique",34,2073
"INSTITUT PROVINCIAL D'ENSEIGNEMENT SECONDAIRE DE HERSTAL",5,"Rue du Grand Puits",66,2073
"INSTITUT MARIA GORETTI",5,"Rue de Renory",101,2095
"ATHENEE ROYAL DE CHENEE",5,"Rue Bourdon",32,2096
"COLLEGE SAINT-JOSEPH",5,"Rue Soeur Lutgardis",4,2096
"INSTITUT SAINTE-THERESE D'AVILA",5,"Rue Soeur Lutgardis",5,2096
"INSTITUT NOTRE-DAME DE JUPILLE",5,"Rue Charlemagne",47,2088
"D.O.A. SAINT-LOUIS",5,"Rue Alfred Magis",20,2088
"ATHENEE ROYAL CHARLES ROGIER",5,"Rue des Clarisses",13,2088
"ATHENEE COMMUNAL MAURICE DESTENAY",5,"Boulevard Saucy",16,2088
"INSTITUT SAINT-JOSEPH ET SAINTE-JULIENNE",5,"Rue Sainte-Marguerite",64,2088
"LYCEE SAINT-JACQUES",5,"Rue Darchis",35,2088
"CENTRE SCOLAIRE SAINTE-VERONIQUE - MARIE-JOSE",5,"Rue Rennequin Sualem",15,2088
"CENTRE SCOLAIRE SAINT-LOUIS",5,"Rue Alfred Magis",20,2088
"COLLEGE SAINT-BARTHELEMY",5,En-Hors-Château,31,2088
"LYCEE SAINT-BENOIT - SAINT-SERVAIS D.O.A.",5,"Rue Lambert le Bègue",44,2088
"CENTRE SCOLAIRE SAINT-BENOIT - SAINT-SERVAIS",5,"Rue Lambert-le-Bègue",44,2088
"DAMES DE L'INSTRUCTION CHRETIENNE D.I.C. COLLEGE",5,"Rue Sur-la-Fontaine",70,2088
"CENTRE D'ENSEIGNEMENT SECONDAIRE LEON MIGNON",5,"Rue Léon Mignon",2,2088
"INSTITUT DE LA CONSTRUCTION DES ARTS DECORATIFS ET INDUSTRIELS",5,"Rue de Fragnée",76,2088
"INSTITUT D'ENSEIGNEMENT SECONDAIRE SAINT-LUC",5,"Rue Louvrex",111,2088
"ECOLE D'HOTELLERIE ET DE TOURISME",5,En-Hors-Château,13,2088
"ECOLE DE COIFFURE ET DE BIOESTHETIQUE",5,"Rue de Pitteurs",31,2088
"INSTITUT SAINT-LAURENT",5,"Rue Saint-Laurent",29,2088
"INSTITUT DON BOSCO",5,"Rue des Wallons",59,2088
"INSTITUT MARIE-THERESE",5,"Rue Delfosse",25,2088
"ATHENEE ROYAL FRAGNEE",5,"Rue de Fragnée",73,2088
"LYCEE TECHNIQUE PROVINCIAL ""JEAN BOETS""",5,"Rue Hullos",52,2088
"CENTRE D'ENSEIGNEMENT SECONDAIRE LEONARD DEFRANCE",5,"Rue de l'Espérance",62,2088
"INSTITUT SAINT-JEAN BERCHMANS",5,"Rue des Wallons",59,2088
"ATHENEE ROYAL LIEGE ATLAS",5,"Quai Saint-Léonard",80,2088
"INSTITUT SAINT-BARTHELEMY D.O.A.",5,En-Hors-Château,31,2088
"ATHENEE ROYAL PAUL BRUSSON",5,"Rue Félix Bernard",1,2107
"ATHENEE ROYAL ""AIR PUR""",5,"Rue des Nations-Unies",1,2111
"ATHENEE ROYAL LUCIE DEJARDIN",5,"Rue de l'Industrie",127,2111
"COLLEGE SAINT-MARTIN - I.S.M. PAIRAY",5,"Rue de la Province",101,2111
"ECOLE POLYTECHNIQUE DE SERAING - ENSEIGNEMENT DE LA PROVINCE DE LIEGE",5,"Rue de Colard Trouillet",48,2111
"INSTITUT SAINTE-MARIE",5,"Rue Cockerill",148,2111
"INSTITUT PROVINCIAL D'ENSEIGNEMENT SECONDAIRE DE SERAING",5,"Quai des Carmes",43,2112
"ATHENEE ROYAL SOUMAGNE",5,"Rue des Prairies",30,2117
"ATHENEE ROYAL VISE",5,"Rue du Gollet",2,2132
"D.O.A. SAINT-HADELIN",5,"Rue Saint-Hadelin",15,2132
"COLLEGE SAINT-HADELIN",5,"Rue Saint-Hadelin",15,2132
"INSTITUT SACRE-COEUR ET SAINT-JOSEPH",5,"Rue de la Trairie",27,2132
"ATHENEE PROVINCIAL DE FLEMALLE GUY LANG",5,Grand'Route,317,2153
"COLLEGE ROYAL MARIE-THERESE",5,"Rue de Charneux",36,2214
"COLLEGE PROVIDENCE I - D.O.A.",5,"Avenue Reine Astrid",9,2214
"INSTITUT DE LA PROVIDENCE",5,"Avenue Reine Astrid",2A,2214
"COLLEGE PROVIDENCE II D.O.A.",5,"Avenue Reine Astrid",9,2214
"ATHENEE ROYAL ARDENNE - HAUTES FAGNES",5,"Route de Falize",21,2250
"INSTITUT NOTRE-DAME",5,"Rue Derrière la Gare",12,2250
"ATHENEE ROYAL ET ECOLE D'HOTELLERIE DE SPA",5,"Rue des Capucins",8,2280
"COLLEGE SAINT-REMACLE D.O.A.",5,"Avenue Ferdinand Nicolay",35,2282
"COLLEGE SAINT-REMACLE",5,"Avenue Ferdinand Nicolay",35,2282
"INSTITUT SAINT-ROCH 2E ET 3E DEGRES",5,Marché,2,2292
"INSTITUT SAINT-ROCH D.O.A.",5,Marché,2,2292
"INSTITUT PROVINCIAL D'ENSEIGNEMENT AGRONOMIQUE",5,"Rue Canada",157,2292
"ATHENEE ROYAL THIL LORRAIN VERVIERS I",5,"Rue Thil Lorrain",1-mars,2297
"INSTITUT NOTRE-DAME",5,"Avenue Jean Tasté",38,2299
"CENTRE SCOLAIRE SAINT-FRANCOIS-XAVIER",5,"Rue de Rome",18,2297
"INSTITUT SAINT-MICHEL D.O.A.",5,"Rue du Collège",126,2297
"ECOLE POLYTECHNIQUE DE VERVIERS - ENSEIGNEMENT DE LA PROVINCE DE LIEGE",5,"Rue aux Laines",69,2297
"INSTITUT D'ENSEIGNEMENT TECHNIQUE DON BOSCO",5,"Rue des Alliés",70,2297
"INSTITUT SAINT-FRANCOIS-XAVIER",5,"Rue de Francorchamps",12,2297
"INSTITUT SAINT-MICHEL (Enseignement général et technique)",5,"Rue du Collège",126,2297
"ATHENEE ROYAL VERDI",5,"Rue des Wallons",57,2297
"INSTITUT PROVINCIAL D'ENSEIGNEMENT SECONDAIRE DE VERVIERS",5,"Rue Peltzer de Clermont",104,2297
"INSTITUT SAINTE-CLAIRE",5,"Rue Sècheval",32,2297
"ATHENEE ROYAL WAIMES",5,"Rue des Hêtres",2A,2307
"ATHENEE ROYAL DE WELKENRAEDT",5,"Rue Gérard Delvoye",2,2311
"INSTITUT SAINT-JOSEPH",5,"Rue de l'Eglise",33,2311
"INSTITUT SAINT-JOSEPH",5,"Avenue de la Salm",17,2321
"COLLEGE NOTRE-DAME",5,"Rue de Moresnet",157,2339
"COLLEGE SAINTE-CROIX ET NOTRE-DAME",5,"Rue de Crehen",1,2404
"COLLEGE SAINTE-CROIX ET NOTRE-DAME D.O.A.",5,"Avenue Paul Brien",4,2404
"ATHENEE ROYAL HANNUT",5,"Rue de Tirlemont",22,2404
"ATHENEE ROYAL DE SAINT-GEORGES-SUR-MEUSE",5,"Rue Eloi Fouarge",31,2431
"ATHENEE ROYAL WAREMME",5,"Rue Gustave Renier",1,2438
"COLLEGE SAINT-LOUIS",5,"Avenue du Prince Régent",30,2438
"INSTITUT SAINT-LOUIS",5,"Avenue du Prince Régent",30,2438
"INSTITUT SAINT-LAURENT",5,"Rue du Casino",6,2438
"INSTITUT PROVINCIAL D'ENSEIGNEMENT SECONDAIRE DE HESBAYE",5,"Rue de Huy",123,2438
"INSTITUT TECHNIQUE DE LA COMMUNAUTE FRANCAISE PARAMEDICAL",5,"Avenue Gustave Royers",39,1283
"ECOLE ROYALE TECHNIQUE QUARTIER COL. AVI RENSON",5,Luikersteenweg,371,2513
"ATHENEE ROYAL ARLON",5,"Rue de Sesselich",83,2713
"INSTITUT NOTRE-DAME - 2E ET 3E DEGRES",5,"Rue Joseph Netzer",21,2713
"INSTITUT SAINTE-MARIE -ENSEIGNEMENT SECONDAIRE",5,"Rue de Bastogne",33,2713
"INSTITUT NOTRE-DAME D.O.A.",5,"Rue Joseph Netzer",21,2713
"INSTITUT CARDIJN LORRAINE - ENSEIGNEMENT TECHNIQUE ET PROFESSIONNEL",5,"Rue de Neufchâteau",69,2713
"INSTITUT TECHNIQUE DE LA COMMUNAUTE FRANCAISE ETIENNE LENOIR",5,"Chemin de Weyler",2,2713
"INSTITUT CARDIJN LORRAINE- ENSEIGNEMENT GENERAL",5,"Rue Luttgens",10,2727
"ATHENEE ROYAL ATHUS",5,"Rue Neuve",32,2727
"ATHENEE ROYAL DE BASTOGNE - HOUFFALIZE",5,"Avenue de la Gare",12,2738
"INSTITUT NOTRE-DAME - SEMINAIRE 2E ET 3E DEGRES",5,"Rue Piconrue",6,2738
"INSTITUT COMMUNAL D'ENSEIGNEMENT TECHNIQUE",5,"Rue des Remparts",57,2738
"INSTITUT NOTRE-DAME SEMINAIRE 1ER DEGRE",5,"Rue des Ecoles",20,2738
"INSTITUT DU SACRE-COEUR",5,"Rue des Chars-à-Boeufs",12,2761
"ATHENEE ROYAL VIELSALM - MANHAY",5,"Les Grands Champs",18A,2761
"INSTITUT DU SACRE-COEUR",5,"En Charotte",28,2786
"ATHENEE ROYAL DE LA ROCHE-EN-ARDENNE",5,"Rue des Evêts",4,2809
"INSTITUT SAINT-JOSEPH-SACRE-COEUR",5,"Vieille route de Beausaint",22,2809
"ATHENEE ROYAL MARCHE-BOMAL",5,"Avenue de la Toison d'Or",71,2818
"INSTITUT SAINTE-JULIE",5,"Rue Américaine",28,2818
"INSTITUT SAINT-ROCH",5,"Rue Américaine",28,2818
"INSTITUT SAINT-LAURENT - Enseignement général - D2-D3",5,"Rue Américaine",28,2818
"INSTITUT NOTRE-DAME",5,"Rue de Burhaimont",11,2850
"ATHENEE ROYAL DE BOUILLON - PALISEUL",5,"Rue du Collège",35,2855
"INSTITUT SAINTE-MARIE",5,"Rue Georges Lorand",3,2855
"ATHENEE ROYAL DE NEUFCHATEAU - BERTRIX",5,"Avenue de la Victoire",28,2894
"INSTITUT SAINT-MICHEL",5,"Place du Château",3,2894
"INSTITUT SAINT-JOSEPH",5,"Avenue Arthur Tagnon",1,2899
"COLLEGE D'ALZON",5,"Rue de Han",1,2916
"INSTITUT SAINT-JOSEPH - ECOLE TECHNIQUE BERTRIX",5,"Rue de Bonance",11,2927
"INSTITUT TECHNIQUE DE LA COMMUNAUTE FRANCAISE CENTRE ARDENNE",5,"Avenue Herbofin",39,2927
"ATHENEE ROYAL GERMAIN ET GILBERT GILSON",5,"Rue de l'Institut",47,2934
"INSTITUT SAINTE-ANNE",5,"Rue de la Station",2,2948
"ATHENEE ROYAL NESTOR OUTER",5,"Faubourg d'Arival",48,2978
"COLLEGE NOTRE-DAME DU BONLIEU",5,"Rue Chanoine Crousse",1,2978
"INSTITUT DE LA SAINTE-FAMILLE I.S.F.",5,"Rue de Montmédy",2,2978
"INSTITUT DES ARTS ET METIERS",5,"Rue d'Arlon",112,2978
"COMMUNAUTE SCOLAIRE SAINT-BENOIT 1ER DEGRE",5,"Avenue de la Gare",68,2982
"COMMUNAUTE SCOLAIRE SAINT-BENOIT 2E ET 3E DEGRES",5,"Rue de Luxembourg",2,2982
"COLLEGE SAINT-BENOIT DE MAREDSOUS",5,"Rue de Maredsous",12,2997
"ATHENEE ROYAL NORBERT COLLARD",5,"Rue de Dinant",23,3006
"INSTITUT NOTRE-DAME",5,"Rue de Givet",21,3006
"INSTITUT NOTRE-DAME DU SACRE-COEUR",5,"Rue de Rochefort",92,3006
"ATHENEE ROYAL DU CONDROZ JULES DELOT",5,"Square Omer Bertrand",1,3035
"ECOLE PROVINCIALE D'AGRONOMIE ET DES SCIENCES DE CINEY - HUMANITES TECHNIQUES ET PROFESSIONNELLES",5,"DOMAINE  DE SAINT-QUENTIN",14,3035
"INSTITUT SAINT-JOSEPH ENSEIGNEMENT GENERAL",5,"Rue Saint-Hubert",14-16,3035
"INSTITUT DE LA PROVIDENCE",5,"Rue Piconette",1,3035
"INSTITUT SAINT-JOSEPH - ECOLE TECHNIQUE",5,"Rue Saint-Hubert",14-16,3035
"ATHENEE ROYAL ADOLPHE SAX",5,"Rue Saint-Pierre",90,3045
"COLLEGE NOTRE-DAME DE BELLEVUE",5,"Rue de Bonsecours",2,3045
"INSTITUT TECHNIQUE DE LA COMMUNAUTE FRANCAISE",5,"Domaine d'Herbuchenne",,3045
"COMMUNAUTE SCOLAIRE LIBRE GEORGES COUSOT",5,"Place Albert Ier",11,3045
"ATHENEE ROYAL ROCHEFORT-JEMELLE",5,"Rue Jacquet",102,3113
"INSTITUT JEAN XXIII",5,"Rue de la Sauvenière",7,3113
"COLLEGE DE GODINNE-BURNOT D2-D3",5,"Carrefour de l'Europe",3,3135
"ATHENEE ROYAL JEAN TOUSSEUL",5,"Rue Adeline Henin",4,3159
"INSTITUT PROVINCIAL ENSEIGNEMENT SECONDAIRE",5,"Rue François Jassogne","2:00 AM",3159
"INSTITUT SAINTE-BEGGE",5,"Place du Chapitre",12,3159
"CENTRE SCOLAIRE SAINT-JOSEPH ET SAINT-HUBERT",5,"Rue du Collège",4,3183
"SEMINAIRE DE FLOREFFE",5,"Rue du Séminaire",7,3195
"ATHENEE ROYAL DE JAMBES",5,"Rue de Géronsart",150,3224
"INSTITUT SAINTE-MARIE (D2 D3)",5,"Chaussée de Liège",246,3224
"INSTITUT SAINTE MARIE",5,"Chaussée de Liège",246,3224
"INSTITUT SAINT-JOSEPH",5,"Rue Mazy",20,3224
"ECOLE AVE MARIA",5,"Rue de Bricgniot",205,3226
"COLLEGE SAINT-SERVAIS",5,"Rue de la Pépinière",101,3226
"ECOLE PROFESSIONNELLE",5,"Rue Florent Dethier",31,3226
"COLLEGE NOTRE-DAME DE LA PAIX",5,"Pl Notre-Dame de la Paix",1,3224
"INSTITUT SAINT-BERTHUIN",5,"Fond de Malonne",129,3224
"INSTITUT SAINT-LOUIS",5,"Rue Pepin",7,3224
"INSTITUT SAINT-AUBAIN - SAINTE ELISABETH",5,"Rue Henri Blès",192,3224
"ETABLISSEMENT DES SOEURS NOTRE-DAME",5,"Rue du Lombard",41,3224
"COMMUNAUTE SCOLAIRE SAINTE-MARIE",5,"Rue du Président",28,3224
"INSTITUT TECHNIQUE DE LA COMMUNAUTE FRANCAISE FELICIEN ROPS",5,"Rue du Quatrième Génie",2,3224
"INSTITUT TECHNIQUE",5,"Rue Asty-Moulin",60,3224
"INSTITUT SAINTE-URSULE",5,"Rue de Bruxelles",78,3224
"INSTITUT ILON SAINT-JACQUES",5,"Rue des Carmes",12,3224
"INSTITUT NOTRE-DAME",5,"Rue Julie Billiart",19,3224
"INSTITUT DES TECHNIQUES ET DES COMMERCES AGRO-ALIMENTAIRES",5,"Chaussée de Nivelles",204,3224
"INSTITUT TECHNIQUE DE LA COMMUNAUTE FRANCAISE HENRI MAUS",5,"Pl de l'Ecole des Cadets",4,3224
"ECOLE HOTELIERE PROVINCIALE DE NAMUR",5,"Avenue de l'Ermitage",7,3224
"INSTITUT D'ENS. DES ARTS,TECHNIQUES,SCIENCES ET ARTISANAT -  I.A.T.A.",5,"Rue de la Montagne",43A,3224
"INSTITUT DE LA PROVIDENCE",5,"Place du Couvent",3,3224
"ATHENEE ROYAL TAMINES",5,"Avenue Président Roosevelt",57,3273
"COMMUNAUTE EDUCATIVE SAINT-JEAN-BAPTISTE (2E ET 3E DEGRES)",5,"Rue du Collège",27,3273
"COMMUNAUTE EDUCATIVE SAINT-JEAN-BAPTISTE",5,"Rue du Collège",27,3273
"COLLEGE SAINT-ANDRE (enseignement technique et professionnel)",5,"Rue des Auges",22,3273
"COLLEGE SAINT-ANDRE (enseignement général)",5,"Rue des Auges",22,3273
"ATHENEE ROYAL GEMBLOUX",5,"Rue Gustave Docq",26,3309
"COLLEGE SAINT-GUIBERT (D2-D3)",5,"Place de l'Orneau",21,3309
"COLLEGE SAINT-GUIBERT D.O.A.",5,"Place de l'Orneau",21,3309
"INSTITUT TECHNIQUE DE LA COMMUNAUTE FRANCAISE",5,"Rue Verlaine",5,3309
"ATHENEE ROYAL BAUDOUIN I ER",5,"Rue François Hittelet",89,3291
"INSTITUT SAINTE-MARIE",5,"Rue Noiret",6,3331
"ATHENEE ROYAL JEAN REY",5,"Rue Croisette",1,3331
"ATHENEE ROYAL FLORENNES",5,"Rue des Ecoles",21,3355
"INSTITUT SAINTS-PIERRE ET PAUL",5,"Rue des Ecoles",19,3355
"INSTITUT SAINT-JOSEPH D.O.A.",5,"Rue de Corenne",1,3355
"ATHENEE ROYAL ""JEAN ROSTAND"" DE PHILIPPEVILLE",5,"Avenue de Samart",2B,3372
"INSTITUT NOTRE-DAME",5,"Rue Eglise Saint-Philippe",10A,3372
"INSTITUT DE MOT-COUVREUR",5,"Pl Nouveau Marché Grains",24,204
"ATHENEE BRACOPS-LAMBERT",5,"Rue de la Procession",78,198
"INSTITUT SAINT-SEPULCRE",5,"Rue du Général Bertrand",14,2088
"INSTITUT DE LA VIERGE FIDELE",5,"Place de Jamblinne de Meux",14,246
"DIVISION PREPARATOIRE A L'ECOLE ROYALE MILITAIRE",5,"Drève Sainte-Anne",90,204
"INSTITUT PROVINCIAL D'ENSEIGNEMENT SECONDAIRE",5,"Quai aux Huîtres",31,647
"ECOLE ROYALE DES SOUS-OFFICIERS NR. 1 DEPARTEMENT FORMATION DES ELEVES",5,"Rue Arthur Defoin",215,3045
"INSTITUT EMILE GRYSON",5,"Avenue Emile Gryson",1,198
"INSTITUT SAINT-LUC",5,"Chaussée de Tournai",7,1875
"INSTITUT TECHNIQUE DE LA COMMUNAUTE FRANCAISE RENEE JOFFROY",5,"Chaussée de Valenciennes",48,1380
"INSTITUT PROVINCIAL D'ENSEIGNEMENT SECONDAIRE PARAMEDICAL DE LIEGE-HUY-VERVIERS (E.P.S.C.)",5,"Quai du Barbou",2,2088
"INSTITUT DOMINIQUE PIRE",5,"Rue De Lenglentier",juin-14,204
"INSTITUT DE RADIOELECTRICITE ET CINEMATOGRAPHIE",5,"Avenue Victor Rousseau",75,226
"INSTITUT SAINT-LUC",5,"Rue d'Irlande",57,238
"INSTITUT DON BOSCO",5,"Boulevard Léopold",63,1875
"INSTITUT DES TECHNIQUES HOSPITALIERES (I.T.E.H.O) JEANNE D'ARC",5,"Quai des Salines",28,1875
"ATHENEE ROYAL D'IXELLES",5,"Rue de la Croix",40,230
"COLLEGE DE GODINNE-BURNOT D.O.A.",5,"Carrefour de l'Europe",3,3135
"ATHENEE COMMUNAL LEONIE DE WAHA",5,"Boulevard d'Avroy",96,2088
Pater-Damian-Sekundarschule,5,Kaperberg,2-avr,2206
"COLLEGE DE L'ALLIANCE",5,"Rue de Mons",106,1462
"COLLEGE ""LES TOURNESOLS""",5,"Boulevard Maurice Herbette",24,198
"Ecole européenne de Bruxelles IV (Berkendael-Laeken)",5,"Rue Berkendael",68,226
"LYCEE PROVINCIAL HORNU COLFONTAINE",5,"Avenue Fénélon",48,1607
"ATHENEE ROYAL THOMAS EDISON MOUSCRON",5,"Place de la Justice",1,1638
"INSTITUT TECHNIQUE DE LA COMMUNAUTE FRANCAISE VAL - ITMA",5,"Chaussée de Lille",2,1875
"COLLEGE DES ETOILES",5,"Rue de la Grenouillette",2,204
"ATHENEE MARGUERITE YOURCENAR",5,"Rue Claessens",10,204
"ATHENEE ROYAL DE NAMUR",5,"Rue du Collège",8,3224
"COLLEGE DES AUMONIERS DU TRAVAIL DE CHARLEROI",5,Grand'rue,185,1456
"COLLEGE TECHNIQUE SAINT-HENRI",5,"Avenue Royale",50,1638
"INSTITUT SAINTE-MARIE",5,"Rue de l'Enseignement",1,1493
"ECOLE ACTIVE",5,"Rue de Stalle",73,248
"COLLEGE DE LA LYS",5,"rue Romaine",40,1647
"ECOLE SECONDAIRE LIBRE SAINT-HUBERT",5,"Rue Saint-Gilles",39,2910
"Académie de musique d'Anderlecht",4,"Rue de la Procession",78,198
"Ecole des arts d'Anderlecht",4,"Chaussée de Mons",882,198
"Académie de musique et des arts de la parole ""Franz Constant""",4,"Rue des Ecoliers",7,200
"Académie de musique, de la danse et des arts de la parole de Berchem-Sainte-Agathe",4,"Place du Roi Baudouin",1,202
"Académie des arts de la ville de Bruxelles",4,"Rue Claessens",10,204
"Académie ""Jean Absil"" musique, danse et arts de la parole",4,"Rue Fétis",29,222
"Aacadémie des arts et métiers ""Constantin Meunier""",4,"Rue Général Tombeur",78,222
"Académie de musique d'Evere",4,"Rue Edouard Stuckens",125,224
"Académie de musique,de danse et des arts parlés de FOREST",4,"Rue Timmermans",53-55,226
"Académie de musique d'Ixelles",4,"Avenue des Eperons d'Or",16,230
"Ecole des arts d'Ixelles",4,"Rue Sans-Souci",128,230
"Académie communale de musique ""G.-H. Luytgaerens""",4,"Rue du Saule",1,232
"Ecole de dessin et des arts visuels de Molenbeek-Saint-Jean",4,"Rue Mommaerts",,236
"Académie de musique et des arts de la parole de Molenbeek-Saint-Jean",4,"Rue Kindergeluk",1,236
"Académie des beaux-arts ""Jean-Jacques Gailliard"" de Saint-Gilles",4,"Rue Hôtel des Monnaies",108-110,238
"Académie de musique ""Arthur De Greef"" de Saint-Gilles",4,"Rue de Neufchâtel",16,238
"Institut de rythmique Jaques-Dalcroze de Belgique",4,"Rue Henri Wafelaerts",53,238
"Académie des beaux-arts de Saint-Josse-Ten-Noode",4,"Rue Potagère",52,244
"ACADéMIE DE MUSIQUE INSTRUMENTALE DE SCHAERBEEK",4,"AVENUE ERNEST RENAN",12,246
"ACADEMIE DE MUSIQUE DE SAINT-JOSSE-TEN-NOODE-SCHAERBEEK",4,"Place Quételet",3,244
"Académie de musique d'Uccle",4,"Rue du Doyenné",60,248
"Ecole des arts d'Uccle",4,"Rue Rouge",2,248
"ACADEMIE DE MUSIQUE DE WATERMAEL-BOITSFORT",4,"Rue François Ruytinx",31,250
"ACADEMIE DES BEAUX-ARTS DE WATERMAEL-BOITSFORT",4,"Place Bischoffsheim",10,250
"ACADEMIE DE MUSIQUE DE WOLUWE-SAINT-LAMBERT",4,"Avenue des Deux Tilleuls",2A,252
"ACADEMIE DE MUSIQUE DE WOLUWE-SAINT-PIERRE",4,"Avenue Charles Thielemans",30,254
"ACADEMIE DES ARTS DE WOLUWE-SAINT-PIERRE",4,"Avenue Charles Thielemans",30,254
"Académie de musique ""Yolande Uyttenhove"" de Braine-l'Alleud",4,"Rue du Château",49,563
"Ecole communale des arts de Braine-l'Alleud",4,"Rue du Château",49,563
"Académie intercommunale de musique, danse et arts de la parole de Court-Saint-Etienne et Ottignies - Louvain-la-Neuve",4,"Rue des Ecoles",32,576
"Académie de musique de Grez-Doiceau",4,"Chaussée de la Libération",30,589
"Académie de musique, danse et arts de la parole de Jodoigne",4,"Pl Dr Edouard Lodewijckx",19,604
"Académie de musique de la Hulpe",4,"Rue des Combattants",3,613
"Académie de musique, de danse et des arts de la parole de Nivelles",4,"Rue du Béguinage",12,619
"Académie de musique, arts de la parole et danse de Rixensart",4,"Rue Albert Croy",2,630
"Académie de musique, arts parlés et danse de Tubize",4,"Rue de Stimbert",21,637
"Académie de musique de Waterloo",4,"Chaussée de Bruxelles",267,645
"Ecole des beaux-arts de Wavre",4,"Rue du Chemin de Fer",18,647
"Académie de musique de Wavre",4,"Avenue des Déportés",69,647
"Académie de musique d'Ath",4,"Rue de Pintamont",55,1378
"Académie de musique de Beloeil",4,"Rue Paul Pastur",33,1398
"Académie des beaux-arts ""Alphonse Darville"" de Charleroi",4,"Rue Dourlet",26,1456
"Conservatoire de musique ""Arthur Grumiaux"" de Charleroi",4,"Rue Adolphe Biarent",1,1456
"Académie de musique de Gosselies",4,"Rue Saint-Roch",81,1465
"ACADEMIE DE MUSIQUE DE JUMET-LODELINSART",4,"Rue Surlet",35,1464
"Académie de musique, danse et arts parlés de Gilly",4,"Chaussée de Charleroi",75,1469
"Académie de musique et des arts de la parole de Marchienne-au-Pont",4,"Rue de Chatelet",28,1456
"Académie de musique de Marcinelle",4,"Rue Aurélien Thibaut",20,1457
"Académie de musique ""Jean Charlier"" à Monceau-sur-Sambre",4,"Rue des Combattants",64,1462
"Académie de musique de Montignies-sur-Sambre",4,"Rue François Reconnu",,1470
"ACADEMIE DE MUSIQUE DE MONT-SUR-MARCHIENNE",4,"Rue Adolphe Max",13,1463
"Académie de musique de Ransart",4,"Rue Paul Pastur",62,1467
"Académie de musique, de danse et d'arts de la parole de Couillet",4,"Route de Philippeville",304,1458
"Académie de dessin et des arts décoratifs ""Gustave Camus"" de Chatelet",4,"Place Jean Guyot","29 / 31",1473
"Académie de musique de Courcelles - Ecole du Trieu",4,"Rue Hubert Bayet",10,1476
"Académie de musique de Farciennes",4,Grand'Place,2,1481
"Académie de musique et des arts parlés de Fleurus",4,"Rue Joseph Lefèbvre",74,1484
"ACADEMIE DE MUSIQUE DE FONTAINE-L'EVEQUE",4,"Boulevard du Nord",16,1493
"ACADEMIE DE MUSIQUE DE MONTIGNY-LE-TILLEUL PAULIN MARCHAND",4,"Rue Wilmet",21,1510
"Académie de musique de La Bouverie",4,"Rue Curé Malengreau",10,1549
"Académie de musique de Mons",4,"Rue des Cinq Visages",6,1572
"Académie de musique de Quaregnon",4,"Rue de l'Egalité",102,1592
"Académie de musique de Baudour",4,"Rue du Parc",,1600
"Académie de musique de Saint-Ghislain",4,"Venelle Saint-Georges",1,1599
"Académie de musique de Colfontaine",4,"Rue du Général Leman",4,1607
"Académie de musique, théâtre, danse et beaux-arts de Mouscron",4,"Rue des Brasseurs",1B,1638
"Académie de musique de Braine-le-Comte",4,"Rue Britannique",17,1662
"Académie de musique d'Enghien",4,"Rue des Ecoles",30,1669
"Académie de musique et des arts de la parole ""René Louthe""",4,"Rue Eugène Valentin",22,1679
"Conservatoire de musique de La Louviere",4,"Place Communale",26,1679
"Académie de musique ""La Chantrerie""",4,"Rue Ferrer",8,1713
"Conservatoire ""Marcel Quinet""",4,"Faubourg Saint-Paul",42,1736
"Académie des beaux-arts et des arts décoratifs de Binche",4,"Rue aux Mourdreux",27,1736
"Académie communale de musique de Morlanwelz",4,"Place Franklin Roosevelt",18-20,1818
"Académie de musique et de danse de la Botte du Hainaut",4,"Grand Rue",51A,1828
"Académie de musique de Péruwelz",4,"Boulevard Léopold III",38,1858
"Académie des beaux-arts et des arts décoratifs de Tournai",4,"Rue de l'Hôpital Notre-Dame",13,1875
"Académie de musique Saint-Grégoire",4,"Rue des Jésuites",28,1875
"Conservatoire de musique de Tournai",4,"Place Reine Astrid",2,1875
"Académie ""Marcel Désiron"" à Amay",4,"Chaussée Roosevelt",65,1932
"Conservatoire de musique de HUY",4,"Quai d'Arona",5,1968
"Académie Ourthe-Vesdre-Ambleve",4,"Rue Marsale",10,2032
"Académie de Chênée",4,"Rue de l'Eglise",3,2096
"Académie royale des beaux-arts de Liège",4,"Rue des Anglais",21,2088
"Académie de musique Gretry",4,"Bld de la Constitution",81,2088
"Académie musicale et artistique de Saint-Nicolas",4,"Rue des Botresses",2,2107
"Académie communale de musique ""Amélie Dengis""",4,"Rue Deleval",9,2111
"Académie de musique ""César Franck"" à Visé",4,"Rue de la Chinstrée",2A,2132
"Académie de musique de Malmedy",4,"Ruelle des Capucins",1,2250
"Académie ""René Defossez"" à Spa",4,"Rue Xhrouet",29,2280
"Conservatoire de Verviers : musique-arts de la parole et du théâtre-danse",4,"Rue Chapuis",6,2297
"Académie des beaux-arts de Verviers",4,"Place du Palais de Justice",15,2297
"Académie de musique de Welkenraedt",4,"Rue Léonard Brecht",1,2311
"Académie communale ""Julien Gertsmans""",4,"Rue des Combattants",1,2404
"Académie de musique de Waremme",4,"Rue Charles Lejeune",4,2438
"Académie des beaux-arts d'Arlon",4,"Rue Godefroid Kurth",2,2713
"Académie de musique d'Arlon",4,"Place des Chasseurs Ardennais",10,2713
"Académie communale de musique - danse - arts de la parole de Bastogne",4,"Rue des Remparts",45,2738
"Académie de musique de Bertrix",4,"Rue de la Retraite",15,2850
"Académie de musique de Bouillon",4,"Rue des Bastions",4,2855
"Académie de musique de Saint-Hubert",4,"Rue du Parc",14,2910
"Conservatoire de musique de Ciney",4,"CHATEAU ST-ROCH - RUE SAINFOIN",8,3035
"Académie de musique de Dinant",4,"Rue Saint-Michel",9,3045
"L'Académie Centre de formation artistique de la commune d'Eghezée",4,"Rue de la Gare",1,3183
"Académie des beaux-arts de Namur",4,"Rue du Lombard",20,3224
"Conservatoire de musique de Namur",4,"Av du Bourg. Jean Materne",162,3224
"Conservatoire de musique, danse et arts de la parole ""Lucien Robert de Tamines",4,"Place du Jumelage",,3273
"Académie des beaux-arts de Sambreville",4,"Place du Jumelage",,3273
"Conservatoire d'Auvelais",4,"Rue Hicguet",19,3273
"Académie ""V. de Becker"" musique-théâtre-danse",4,"Rue Gustave Docq",32,3309
"Académie de musique, arts parlés, danse à Thuin",4,"Clos de l'Harmonie",7,1792
"Conservatoire de musique et des arts parlés ""Maurice Guillaume"" à Châtelet",4,"Place du Baquet",3,1473
"Institut Roger Guilbert",3,"Avenue Emile Gryson",1,198
"Cours de promotion sociale Erasme",3,"Rue de la Procession",78,198
"Institut d'enseignement de promotion sociale de la communauté française - maréchalerie",3,"Rue Léon Delacroix",28,198
"Institut auderghemois de promotion sociale",3,"Chaussée de Wavre",1649,200
"INSTITUT DE LA PARURE ET DE LA BIJOUTERIE-INSTITUT JEANNE TOUSSAINT",3,"Boulevard de l'Abattoir",50,204
"INSTIT. DES TECHNOL. DE LA COMMUNICATION, DE LA CONSTRUCT. ET DES METIERS D'ART- INSTITUT PAUL HANKAR",3,"Boulevard de l'Abattoir",50,204
"INSTITUT D'ENSEIGNEMENT TECHNIQUE DE MECANIQUE ET D'ELECTRICITE-INSTITUT MARGUERITE MASSART",3,"Boulevard de l'Abattoir",50,204
"E.P.F.C. 8",3,"BOULEVARD DU TRIOMPHE",1,230
"Institut des carrières commerciales",3,"Rue de la Fontaine",4,204
"Cours industriels",3,"Boulevard de l'Abattoir",50,204
"ECOLE DE PHOTOGRAPHIE ET DE TECHNIQUES VISUELLES-ECOLE AGNES VARDA",3,"Rue Claessens",57,204
"Cours du soir de langues",3,"Rue Ernest Allard",49,204
"ECOLE D'ERGOLOGIE DE BELGIQUE",3,"BOULEVARD DU TRIOMPHE",1,230
"Institut Jean-Pierre Lallemand",3,"Rue du Couvent",2,230
"E.P.F.C. 1",3,"BOULEVARD DU TRIOMPHE",1,230
"Willemsfonds - cours de néerlandais moyens et superieurs",3,"Rue de la Fontaine",2,204
"INSTITUT DE FORMATION DE CADRES POUR LE DEVELOPPEMENT",3,"Avenue Legrand",57,230
"E.P.F.C. 2",3,"BOULEVARD DU TRIOMPHE",1,230
"E.P.F.C. 7",3,"BOULEVARD DU TRIOMPHE",1,230
"CENTRE DE PHONETIQUE APPLIQUEE DE BRUXELLES",3,"Avenue Louise",113,204
"E.P.F.C. 3",3,"BOULEVARD DU TRIOMPHE",1,230
"E.P.F.C. 4",3,"BOULEVARD DU TRIOMPHE",1,230
"E.P.F.C. 5",3,"BOULEVARD DU TRIOMPHE",1,230
"E.P.F.C. 6",3,"BOULEVARD DU TRIOMPHE",1,230
"Institut supérieur de formation continue d'Etterbeek",3,"Rue Joseph Buedts",14,222
"Cours professionnels de coiffure d'Ixelles",3,"Rue Bara",154/160,198
"Institut d'enseignement de promotion sociale de la communauté française",3,"Avenue Constant Permeke",4,224
"Institut d'optique Raymond Tibaut",3,"Rue Capitaine Crespel",26,230
"Ecole de promotion sociale des F.P.S. du Brabant",3,"Chaussée d'Alsemberg",1091,248
"INSTITUT TECHNIQUE FERNAND COCQ - COURS DE PROMOTION SOCIALE",3,"Rue du Président",54,230
"ECOLE JEAN.LOUIS THYS - COURS DE PROMOTION SOCIALE",3,"Rue Esseghem",101,232
"Institut Machtens - enseignement communal de promotion sociale",3,"Rue Tazieaux",,236
"CENTRE D'ETUDES SUPERIEURES D'OPTOMETRIE APPLIQUEE",3,"Boulevard Léopold II",,236
"Cours de promotion sociale",3,"Rue Hôtel des Monnaies",128A,238
"Ecole de promotion sociale Saint-Luc",3,"Rue d'Irlande",57,238
"COURS COMMERCIAUX DU SOIR",3,"AVENUE ERNEST RENAN",12,246
"CENTRE DE FORMATION CULTURELLE ET SOCIALE",3,"Boulevard de l'Abattoir",28,204
"Cours de promotion sociale d'Uccle",3,"Avenue De Fré",62A,248
"Institut d'enseignement promotion sociale de la communauté française",3,"Rue Gatti de Gamond",95,248
"Cours communaux de langues modernes",3,"Rue Abbé Jean Heymans",29,252
"CENTRE DE FORMATION POUR LES SECTEURS INFIRMIER ET DE SANTE DE L'A.C.N.",3,"Avenue Hippocrate",91,252
"Institut d'enseignement de promotion sociale de la communauté française",3,"Avenue Orban",73,254
"Institut d'enseignement de promotion sociale de la communauté française",3,"Avenue de Menden",21,563
"INSTITUT D'ENSEIGNEMENT DE PROMOTION SOCIALE DE LA COMMUNAUTE FRANCAISE RIXENSART-COURT-SAINT-ETIENNE-JODOIGNE",3,"rue Albert Croy",3,630
"Institut provincial d'enseignement de promotion sociale et de formation continuée",3,"Rue Demulder",1,619
"Institut de formation supérieure de Wavre",3,"Rue de la Limite",6,647
"Cours commerciaux communaux de Charleroi",3,"Boulevard Emile Devreux",27,1456
"Institut supérieur industriel de la province de Hainaut",3,"Boulevard Solvay",31,1456
"Collège technique ""Aumôniers du travail""",3,Grand'rue,185,1456
"UNIVERSITE DU TRAVAIL INSTITUT D'ENS.TECHNIQUE SECONDAIRE PROMOTION SOCIALE",3,"Boulevard Gustave Roullier",1,1456
"Université du travail - institut d'enseignement technique commercial",3,"Boulevard Gustave Roullier",1,1456
"Cours communaux d'éducation ménagère",3,"Rue des Olympiades",,1456
"Ecole des F.P.S de Charleroi",3,"Boulevard Jacques Bertrand",48,1456
"COURS TECHNIQUES SECONDAIRES SUPERIEURS ET INFERIEURS ET COURS PROFESSIONNELS",3,"Rue Jean-Baptiste Ledoux",23A,1464
"Cours techniques et professionnels",3,"Place Jules Destrée",9,1469
"Ecole industrielle communale",3,"Rue Georges Tourneur",1,1456
"Institut provincial supérieur des sciences sociales et pédagogiques",3,"A FERRER - BD GUSTAVE ROULLIER",1,1456
"ECOLE INDUSTRIELLE DE MARCINELLE - MONCEAU",3,"Rue du Chemin Vert",66,1457
"Ecole industrielle et commerciale moyenne Jules Hiernaux",3,"Rue de France",6-août,1463
"Centre d'enseignement supérieur pour adultes",3,"Rue de Courcelles",10,1468
"Cours industriels et commerciaux de couillet",3,"Rue des Lilas",3,1458
"Cours professionnels pour adultes",3,"Boulevard Joseph Tirou",167,1456
"Etablissement communal d'enseignement technique industriel et commercial",3,"Place de l'Hôtel de Ville",6,1473
"Ecole industrielle et commerciale de Courcelles",3,"Pl Franklin D. Roosevelt",2-mars,1476
"Institut provincial d'enseignement technique et professionnel",3,"Rue du Puits Communal",114,1481
"Ecole industrielle commerciale et professionnelle",3,"Rue de l'Enseignement",51,1493
"Espace formations - enseignement de promotion sociale",3,"Rue de l'Atelier Central",2,1515
"Centre provincial d'enseignement de promotion sociale du Borinage",3,"Rue de Valenciennes",58,1541
"Institut d'enseignement de promotion sociale de la communauté française",3,"Rue de Boussu",84,1544
"Institut d'enseignement de promotion sociale de la communauté française",3,"Rue du Onze Novembre",2,1549
"INSTITUT D'ENSEIGNEMENT DE PROMOTION SOCIALE DE LA COMMUNAUTE FRANCAISE JEMAPPES-QUIEVRAIN",3,"Avenue Roi Albert",643,1572
"Cours des métiers d' art du Hainaut",3,Grand-Route,105,1572
"Institut d'enseignement de P.S - Monsformations",3,"Rue de l'Auflette",85,1588
"Institut Reine Astrid - I.R.A.M.",3,"Avenue Reine Astrid",9,1572
"Ecole industrielle supérieure",3,"Avenue du Tir",10,1572
"Ecole de promotion sociale ""vie féminine""",3,"Rue Marguerite Bervoets",10,1572
"Enseignement communal de promotion sociale",3,"Rue Alphonse Brenez",13,1592
"Ecole industrielle et commerciale de la ville de Saint-Ghislain",3,"Avenue de l'Enseignement",20,1599
"Institut de promotion sociale de la communauté française",3,"Rue Clémenceau",60-62,1607
"Institut Saint-Henri - école technique commerciale - enseignement de promotion sociale",3,"Rue du Commerce",21,1647
"Collège technique Saint-henri",3,"Avenue Royale",50,1638
"Institut d'enseignement de promotion sociale de la communauté française",3,"Place de la Justice",1,1638
"Ecole industrielle et commerciale",3,"Rue de Mons",87,1662
"Enseignement de promotion sociale d'Enghien",3,"Rue du Village",50,1669
"COURS MENAGERS ET PROFESSIONNELS DE LA VILLE DE LOUVIERE",3,"Chaussée Paul Houtart",316,1679
"Format 21- centre de formation continuée ""Gustave Piton""",3,"Jean-Baptiste Berger",1,1679
"Institut provincial des arts et métiers du centre",3,"Rue Paul Pastur",1,1679
"COURS TECHNIQUES COMMERCIAUX ET PROFESSIONNELS SECONDAIRES",3,"Ancien Chemin d'Ollignies",2,1688
"INSTITUT TECHNIQUE ET AGRICOLE DE LA PROVINCE DU HAINAUT",3,"Rue de la Station",57,1713
"Cours industriels et commerciaux",3,"Rue Ernest Martel",6,1720
"INSTITUT PROVINCIAL D'ENSEIGNEMENT DE PROMOTION SOCIALE BINCHE-CARNIERES-MORLANWELZ",3,"Rue des Archers",12,1736
"Institut supérieur plus oultre",3,"Rue de Savoie",6,1736
"Cours industriels et commerciaux de Chimay",3,"Rue de l'Athénée",1,1746
"Ecole des arts et métiers promotion sociale",3,"Rue Sainte-Thérèse",47,1761
"Institut d'enseignement de promotion sociale de la communauté française",3,"Drève des Alliés",11,1792
"Ecole industrielle et commerciale communale de Thuin",3,"Rue Verte",1,1792
"Institut d'enseignement de promotion sociale de la communauté française",3,"Rue Raoul Warocqué",46,1818
"Institut d'enseignement de promotion sociale de la communauté française",3,"Rue Pauline Hubert",40,1828
"Institut d'enseignement de promotion sociale de la communauté française",3,"Boulevard Léopold III",40,1858
"Institut d'enseignement de promotion sociale de la communauté française",3,"Rue Saint-Brice",53,1875
"Cours communaux de coupe-couture",3,"Rue Galterie Saint-Jean",15,1875
"INSTITUT PROVINCIAL D'ENSEIGNEMENT DE PROMOTION SOCIALE DU HAINAUT OCCIDENTAL",3,"Rue Paul Pastur",49,1916
"Institut provincial d'enseignement de promotion sociale de Huy-Waremme",3,"Quai de Compiègne",4,1968
"Institut d'enseignement de promotion sociale de la communauté française",3,"Rue Georges Truffaut",37,2021
"Institut provincial d'enseignement de promotion sociale de Herstal",3,"Rue de l'Ecole Technique",34,2073
"Ecole communale de promotion sociale d'Angleur",3,"Rue de la Vaussale",2,2095
"INSTITUT DE TRAVAUX PUBLICS - ENSEIGNEMENT DE PROMOTION SOCIALE",3,"Rue Pouplin",27,2088
"Cours de promotion sociale Saint-Luc",3,"Rue Louvrex",111,2088
"Institut Saint-Laurent - promotion sociale",3,"Rue Saint-Laurent",33,2088
"Institut de technologie - enseignement de promotion sociale",3,"Quai du Condroz",15,2088
"Institut provincial d'enseignement de promotion sociale de Liège",3,"Quai Godefroid Kurth",100,2088
"Ecole de commerce et d'informatique - enseignement de promotion sociale",3,"Rue Hazinelle",2,2088
"Institut des langues modernes - enseignement de promotion sociale",3,"Rue Hazinelle",2,2088
"Institut de techniques artisanales",3,"Rue de la Liberté",27,2088
"Institut de formation continuée",3,"Rue Jonfosse",80,2088
"Cours pour éducateurs en fonction",3,"Rue des Fortifications",25,2094
"Ecole ""pluri-elles""",3,"Rue de Souvret",71/011,2088
"ECOLE DES FEMMES PREVOYANTES SOCIALISTES DE LIEGE",3,"Quai du Longdoz",22,2088
"Ecole des arts et métiers",3,"Rue Agimont",9,2088
"Cours professionnels libres de promotion sociale - école Reine Astrid",3,"Chaussée Churchill",10,2107
"INSTITUT PROVINCIAL D'ENSEIGNEMENT SECONDAIRE DE PROMOTION SOCIALE - ORIENTATION TECHNIQUE",3,"Rue Jean de Seraing",55,2111
"Institut provincial d'enseignement supérieur de promotion sociale de Seraing",3,"Rue de Colard Trouillet",48,2111
"Institut provincial d'enseignement secondaire de promotion sociale",3,"Quai des Carmes",43,2112
"INSTITUT D'ENSEIGNEMENT DE PROMOTION SOCIALE DE LA COMMUNAUTE FRANCAISE",3,"Rue Charles de Liège",9,2070
"Institut d'enseignement de promotion sociale de la communauté française",3,"Rue Antoine Degive",1,2138
"Institut d'enseignement de promotion sociale de la communauté française",3,"Espace Simone Veil",7,2143
"Institut d'enseignement de promotion sociale de la communauté française",3,"Avenue Jardin Ecole",87,2203
"Institut provincial d'enseignement de promotion sociale - orientation technologique",3,"Rue aux Laines",69,2297
"Institut Don Bosco - promotion sociale",3,"Rue des Alliés",57,2297
"ECOLE DE PROMOTION SOCIALE DES FEMMES PREVOYANTES SOCIALISTES (A.S.B.L. DE VERVIERS)",3,"Pont Saint-Laurent",25,2297
"Institut provincial d'enseignement de promotion sociale - orientation commerciale",3,"Rue de la Station",3,2297
"Institut d'enseignement de promotion sociale de la communauté française",3,"Rue Eloi Fouarge",31,2431
"Institut d'enseignement de promotion sociale de la communauté française",3,"Rue Gustave Renier",1,2438
"Ecole F.P.S. de Waremme",3,"Avenue de la Résistance",1A,2438
"Ecole F.P.S. Hannut",3,"Rue de l'Eglise",10,2404
"Institut d'enseignement de promotion sociale de la communauté française",3,"Chemin de Weyler",2,2713
"Ecole industrielle et commerciale d'Arlon",3,"Rue Godefroid Kurth",2,2713
"Institut d'enseignement de promotion sociale de la communauté française",3,"Rue Chasseurs Ardennais",1,2761
"Institut d'enseignement de promotion sociale de la communauté française",3,"Avenue de la Toison d'Or",71,2818
"Institut d'enseignement de promotion sociale de la communauté française",3,"Avenue Herbofin",39,2927
"Institut libre Luxembourgeois d'enseignement de promotion sociale - arts et métiers Pierrard",3,d'Arlon,112,2978
"Institut d'enseignement de promotion sociale de la communauté française",3,Herbuchenne,,3045
"Ecole industrielle et commerciale de la ville d'Andenne",3,"Rue Adeline Henin",1,3159
"Ecole supérieure des affaires",3,"Rue du Collège",8,3224
"Institut technique de promotion sociale",3,"Rue Asty-Moulin",60,3224
"Institut d'enseignement de promotion sociale de la communauté française - cefor",3,"Boulevard Cauchy",9-oct,3224
"Institut d'enseignement de promotion sociale de la communauté française - cadets",3,"Pl de l'Ecole des Cadets",6,3224
"Ecole industrielle et commerciale de la ville de Namur",3,"Rue Pepin",2B,3224
"Institut supérieur provincial de formation socio-éducative",3,"Rue Henri Blès",188-190,3224
"Ecole industrielle et commerciale d'Auvelais",3,"Rue Hicguet",19,3273
"Ecole industrielle commerciale et de sauvetage",3,"Rue du Collège",27,3273
"Ecole communale de promotion sociale",3,"RUE DU BERCET",4,3331
"Institut d'enseignement de promotion sociale de la communauté française",3,"Avenue de Samart",2,3372
"INSTITUT TECHNIQUE SUPERIEUR CARDINAL MERCIER ENSEIGNEMENT DE PROMOTION SOCIALE",3,"Boulevard Lambermont",17,246
"Institut libre de formation permanente",3,"Rue des Carmes",12,3224
"Centre d'enseignement supérieur de promotion et de formation continuée en brabant wallon",3,"Rue des Wallons",6,681
"INSTITUT SUPERIEUR D'URBANISME ET DE RENOVATION URBAINE I.S.U.R.U.",3,"Rue d'Irlande",57,238
"Institut Roger Lambion",3,"Avenue Emile Gryson",1,198
"Institut d'enseignement de promotion sociale de la communauté française",3,"Rue carton",5,1378
"Institut technique et professionnel du Borinage",3,"Rue de Caraman",13,1540
"E.P.H.E.C. -  enseignement supérieur de promotion sociale",3,"Avenue Konrad Adenauer",3,252
"ECOLE DES FEMMES PREVOYANTES SOCIALISTES A.S.B.L. - ANS",3,"Rue Darchis",20,2088
"ECOLE DE LA FEMME PREVOYANTE DE LIEGE - ECOLE SERAING",3,"Rue Darchis",20,2088
"CEFA - MONS - HOUDENG",3,"Boulevard Président Kennedy",10,1572
"CEFA - SUARLEE",3,"Chaussée de Nivelles",204,3224
"Haute Ecole Libre De Bruxelles Ilya Prigogine - Catégorie sociale",2,"Route de Lennik",808,198
"Haute Ecole Libre de Bruxelles Ilya Prigogine - Catégorie paramédicale",2,"Route de Lennik",808,198
"Haute Ecole de la Communauté française Paul-Henri Spaak - Catégorie paramédicale",2,"Avenue Charles Schaller",91,200
"Haute Ecole Francisco Ferrer de la Ville de Bruxelles - Catégorie Arts appliqués",2,"Rue de la Fontaine",4,204
"Haute Ecole Galilée - Catégorie paramédicale",2,"Rue du Marais",100,204
"Haute Ecole Francisco Ferrer de la Ville de Bruxelles - Catégorie paramédicale",2,"Place Arthur Van Gehuchten",4,204
"Haute Ecole de la Communauté française Paul-Henri Spaak - Catégorie technique",2,"Rue Royale",150,204
"Haute Ecole Francisco Ferrer de la Ville de Bruxelles - Catégorie économique",2,"Place Anneessens",11,204
"Haute Ecole Groupe ICHEC - ISC St Louis - ISFSC - Catégorie économique",2,"Boulevard Brand Whitlock",6,254
"Haute Ecole Francisco Ferrer de la Ville de Bruxelles - Catégorie Traduction-Interprétation",2,"Place Anneessens",11,204
"Haute Ecole Galilée - Catégorie sociale",2,"Rue de l'Etuve",58-60,204
"Haute Ecole Galilée - Catégorie économique",2,"Avenue d'Auderghem",77,222
"Haute Ecole Libre de Bruxelles Ilya Prigogine - Catégorie technique",2,"Avenue Victor Rousseau",75,226
"Haute Ecole Léonard de Vinci - Catégorie Traduction - Interprétation",2,"Rue d'Arlon",11,230
"Haute Ecole de la Communauté française Paul-Henri Spaak - Catégorie sociale",2,"Rue de l'Abbaye",26,230
"Haute Ecole Léonard de Vinci - Catégorie technique",2,"Rue du Tir",14,238
"Haute Ecole de Bruxelles - Catégorie économique",2,"Rue Royale",67,204
"Haute Ecole Groupe ICHEC - ISC St Louis - ISFSC - Catégorie sociale",2,"Rue de la Poste",111,246
"Haute Ecole de la Communauté française Paul-Henri Spaak - Catégorie économique",2,"Chaussée d'Alsemberg",1091,248
"Haute Ecole de Bruxelles - Catégorie traduction-interprétation",2,"Rue Joseph Hazard",34,248
"Haute Ecole de Bruxelles - Catégorie pédagogique",2,"Avenue De Fré",62,248
"Haute Ecole Léonard de Vinci - Catégorie économique",2,"Clos Chapelle-aux-Champs",43,252
"Haute Ecole Léonard de Vinci - Catégorie paramédicale",2,"Clos Chapelle-aux-Champs",41,252
"Haute Ecole Léonard de Vinci - Catégorie sociale",2,"Avenue Emmanuel Mounier",84,252
"Haute Ecole de la Communauté française Paul-Henri Spaak - Catégorie pédagogique",2,"Rue Emile Vandervelde",3,619
"Haute Ecole Léonard de Vinci - Catégorie pédagogique",2,"Voie Cardijn",10,681
"Haute Ecole provinciale de Hainaut - Condorcet - Catégorie agronomique",2,"Rue Paul Pastur",11,1378
"Haute Ecole provinciale  de Hainaut - Condorcet - Catégorie technique",2,"Boulevard Solvay",31,1456
"Haute Ecole provinciale de Hainaut - Condorcet - Catégorie économique",2,"Square Jules Hiérnaux",2,1456
"Haute Ecole Louvain en Hainaut - HELHa - Catégorie agronomique",2,"Rue de Bruxelles",101,1484
"Haute Ecole provinciale de Hainaut - Condorcet - Catégorie pédagogique",2,"Chemin du Champ de Mars",15,1572
"Haute Ecole de la Communauté française du Hainaut - Catégorie pédagogique",2,"Boulevard Albert-Elisabeth",2,1572
"Haute Ecole de la Communauté française du Hainaut - Catégorie sociale",2,"Avenue Victor Maistriau",13,1572
"Haute Ecole de la Communauté française du Hainaut - Catégorie technique",2,"Avenue Victor Maistriau",8a,1572
"Haute Ecole Louvain en Hainaut - HELHa - Catégorie économique",2,"Chaussée de Binche",159,1572
"Haute Ecole Louvain en Hainaut - HELHa - Catégorie technique",2,"Avenue de l'Hôpital","18 a",1572
"Haute Ecole provinciale de Hainaut - Condorcet - Catégorie Arts appliqués",2,"Avenue de l'Enseignement",45,1599
"Haute Ecole Louvain en Hainaut - HELHa - Catégorie paramédicale",2,"Quai des Salines",28,1875
"Haute Ecole Louvain en Hainaut - HELHa - Catégorie pédagogique",2,"Tour Saint-Pierre",9,1916
"Haute Ecole Charlemagne - Catégorie agronomique",2,"Rue Saint-Victor",3,1968
"Haute Ecole Charlemagne - Catégorie économique",2,"Rue des Rivageois",6,2088
"Haute Ecole de la Ville de Liège - Catégorie paramédicale",2,"Rue Hazinelle",2,2088
"Haute Ecole de la Ville de Liège - Catégorie technique",2,"Rue Sohet",21,2088
"Haute Ecole de la Province de Liège - Catégorie sociale",2,"Avenue Montesquieu",6,2112
"Haute Ecole de la Province de Liège - Catégorie paramédicale",2,"Quai du Barbou",2,2088
"Haute Ecole de la Ville de Liège - Catégorie économique",2,"Rue Hazinelle",2,2088
"Haute Ecole de la Province de Liège - Catégorie technique",2,"Rue Peetermans",80,2111
"Haute Ecole de la Province de Liège - Catégorie économique",2,"Avenue Montesquieu",6,2112
"Haute Ecole Charlemagne - Catégorie pédagogique",2,"Rue des Rivageois",6,2088
"Haute Ecole de la Communauté française du Luxembourg Schuman - catégorie technique",2,"Chemin de Weyler",2,2713
"Haute Ecole de la Communauté française du Luxembourg Schuman - Catégorie paramédicale",2,"Rue de la Cité",64,2927
"Haute Ecole Namur-Liège-Luxembourg - Catégorie technique",2,"Pierrard, route d'Arlon",112,2978
"Haute Ecole de la Communauté française du Luxembourg Schuman - Catégorie pédagogique",2,"Plateau de Mageroux",46,2978
"Haute Ecole de la Province de Namur - Catégorie paramédicale",2,"Rue Henri Blès",188-190,3224
"Haute Ecole de la Communauté française de Namur Albert Jacquard - Catégorie pédagogique",2,"Rue des Dames Blanches",3b,3224
"Haute Ecole de la Communauté française de Namur Albert Jacquard - Catégorie économique",2,"Avenue Franklin Roosevelt",97,3273
"Haute Ecole Lucia de Brouckère - Catégorie agronomique",2,"Avenue Emile Gryson",1,198
"Haute Ecole Lucia de Brouckère - Catégorie économique",2,"Avenue Emile Gryzon",1,198
"Haute Ecole Lucia de Brouckère - Catégorie paramédicale",2,"Avenue Emile Gryson",1,198
"Haute Ecole Lucia de Brouckère - Catégorie pédagogique",2,"Avenue Emile Gryson",1,246
"Haute Ecole Lucia de Brouckère - Catégorie technique",2,"Avenue Emile Gryson",1,198
"Haute Ecole de Bruxelles - Catégorie technique",2,"Rue Royale",67,204
"Haute Ecole EPHEC - Catégorie économique",2,"Avenue Konrad Adenauer",3,252
"Haute Ecole EPHEC - Catégorie technique",2,"Boulevard Lambermont",17,246
"Haute Ecole Libre de Bruxelles Ilya Prigogine - Catégorie économique",2,"Avenue Jupiter",201,226
"Haute Ecole provinciale de Hainaut - Condorcet - Catégorie paramédicale",2,"Rue Paul Pastur",73,1875
"Haute Ecole provinciale de Hainaut - Condorcet - Catégorie sociale",2,"Rue de la Bruyère",151,1457
"Haute Ecole de la Province de Liège",2,"Avenue Montesquieu",6,2112
"Haute Ecole Namur-Liège-Luxembourg - Catégorie paramédicale",2,"Rue Louis Loiseau",39,3224
"Haute Ecole Namur-Liège-Luxembourg - Catégorie pédagogique",2,"Place du Couvent",3,3224
"Haute Ecole Namur-Liège-Luxembourg - Catégorie sociale",2,"Rue de l'Arsenal",10,3224
"Haute Ecole Namur-Liège-Luxembourg - Catégorie économique",2,"Rue Joseph Calozet",19,3224
"Haute Ecole Louvain en Hainaut - HELHa - Catégorie Arts appliqués",2,"Chaussée de Binche",159,1572
"Haute Ecole Libre Mosane - HELMo",2,"Mont Saint-Martin",41,2088
"Haute Ecole Libre Mosane - HELMo - Catégorie économie",2,"Rue de Harlez",35,2088
"Haute Ecole Libre Mosane - HELMo - Catégorie paramédicale",2,"Rue Saint-Gilles",199,2088
"Haute Ecole Libre Mosane - HELMo - Catégorie pédagogique",2,Hors-Château,61,2088
"Haute Ecole Libre Mosane - HELMo - Catégorie sociale",2,"Rue d'Harscamp",60c,2088
"Haute Ecole Libre Mosane - HELMo - Catégorie technique",2,"Quai du Condroz",28,2095
"Haute Ecole de la Province de Namur - Catégorie économique",2,"Rue Henri Blès",188-190,3224
"Haute Ecole de la Ville de Liège - Catégorie pédagogique",2,"Rue Jonfosse",80,2088
"Haute Ecole de la Province de Liège - Catégorie agronomique",2,"Haut Mâret",20,2292
"Haute Ecole de la Communauté française de Namur Albert Jacquard - Catégorie technique",2,"Av Comte de Smet de Nayer",20,3224
"Haute Ecole de la Province de Liège - catégorie pédagogique",2,"Avenue Montesquieu",6,2112
"Haute Ecole Francisco Ferrer de la Ville de Bruxelles - Catégorie technique",2,"Rue de la Fontaine",4,204
"Haute Ecole Francisco Ferrer de la Ville de Bruxelles - Catégorie pédagogique",2,"Boulevard Maurice Lemonnier",110,204
"Haute Ecole de la Communauté française en Hainaut - Catégorie économique",2,"Rue du Chambge",23,1875
"Haute Ecole de la Communauté française du Luxembourg Schuman - Catégorie économique",2,"Rue de la Cité",64,2927
"Haute Ecole Charlemagne - Catégorie technique",2,"Allée du 6 Août",17,2088
"Haute Ecole Charlemagne - Catégorie paramédicale",2,"Avenue de l'Hôpital",1,2088
"Haute Ecole de la Province de Namur - Catégorie agronomique",2,"Avenue de Namur",61,3035
"Haute Ecole Francisco FERRER de la Ville de Bruxelles",2,"Rue de la Fontaine",4,204
"Haute Ecole Lucia de Brouckère",2,"Avenue Emile Gryson",1,198
"Haute Ecole Galilée",2,"Rue Royale",336,246
"Haute Ecole Léonard de Vinci",2,"Place de l'Alma",2,252
"Haute Ecole EPHEC",2,"Avenue Konrad Adenauer",3,252
"Haute Ecole Groupe ICHEC - ISC St Louis - ISFSC",2,"Boulevard Brand Whitlock",6,254
"Haute Ecole Libre de Bruxelles Ilya Prigogine",2,"Avenue Jules Besme",97,226
"Haute Ecole de Bruxelles",2,"Chaussée de Waterloo",749,248
"Haute Ecole de la Communauté française Paul-Henri Spaak",2,"Rue Royale",150,204
"Haute Ecole de la Communauté française en Hainaut",2,"Rue Pierre-Joseph Duménil",4,1572
"Haute Ecole de la Ville de Liège",2,"Rue Hazinelle",2,2088
"Haute Ecole Charlemagne",2,"Rue des Rivageois",6,2088
"Haute Ecole de la Communauté française du Luxembourg - SCHUMAN",2,"Avenue de Luxembourg",101,2713
"Haute Ecole de la province de Namur",2,"Rue Henri Blès",188-190,3224
"Haute Ecole de la Communauté française de Namur Albert Jacquard",2,"Square Arthur Maason",1,3224
"Haute Ecole provinciale du Hainaut - Condorcet",2,"Chemin du Champs de Mars",17,1572
"Haute Ecole Louvain en Hainaut - HELHa",2,"Chaussée de Binche",159,1572
"Haute Ecole Louvain en Hainaut - HELHa - Catégorie sociale",2,"Rue de l'Hocaille",10,681
"Haute Ecole de Namur-Liège-Luxembourg",2,"Rue Saint-Donat",130,3226
"Haute Ecole de la Communauté française de Namur Albert Jacquard - Catégorie paramédicale",2,"Rue des Dames Blanches",3,3224
"Institut national supérieur des Arts du Spectacle (INSAS)",9,"Rue Thérésienne",8,204
"École nationale supérieure des Arts visuels de La Cambre",9,"Abbaye de la Cambre",21,204
"Conservatoire royal de Bruxelles",9,"Rue de la Régence",30,204
"École supérieure des Arts Saint-Luc de Bruxelles",9,"Rue d'Irlande",57,238
"École supérieure communale des Arts de l'Image ""le 75""",9,"Avenue Jean-François Debecker",10,252
"Institut des Arts de Diffusion",9,"Rue des Wallons",77,681
"École supérieure des Arts Institut Saint-Luc à Tournai",9,"Chaussée de Tournai",7,1875
"Académie des Beaux-Arts de la Ville de Tournai",9,"Rue de l'Hôpital Notre-Dame",14,1875
"École supérieure des Arts Saint-Luc de Liège",9,"Boulevard de la Constitution",41,2088
"École supérieure des Arts de la Ville de Liège",9,"Rue des Anglais",21,2088
"Conservatoire royal de Liège",9,"Boulevard Piercot",29,2088
"Institut supérieur de Musique et de Pédagogie (IMEP)",9,"Rue Juppin",28,3224
"École supérieure des Arts du Cirque",9,"Rue Robert Willame",25,200
"Académie royale des Beaux-Arts de la Ville de Bruxelles - Ecole supérieure des Arts",9,"Rue du Midi",144,204
"ERG - École supérieure des Arts (Ecole de Recherche graphique)",9,"Rue d'Irlande",57,238
Arts²,9,"Rue de Nimy",7,1572
"Institut supérieur d'Architecture Intercommunal - I.S.A.I.",8,"Rue des Minimes",87-89,204
"Institut supérieur d'Architecture de la Communauté française - La Cambre",8,"Place Eugène Flagey",19,230
"Institut supérieur d'architecture Saint-Luc Bruxelles",8,"Rue d'Irlande",57,238
"Institut supérieur d'Architecture Saint-Luc Wallonie",8,"Bld de la Constitution",41,2088
"INSTITUT DES SOEURS DE NOTRE-DAME",1,"Rue de Veeweyde",40,198
"INSTITUT NOTRE-DAME",1,"Rue de Fiennes",66,198
"INSTITUT MARIE IMMACULEE - MONTJOIE (I.M.M.I.)",1,"Rue des Résédas",51,198
"INSTITUT DE LA PROVIDENCE",1,"Rue Haberman",27,198
"ATHENEE ROYAL DE LA RIVE GAUCHE",1,"Rue Marie-Christine",83,204
"LYCEE LA RETRAITE",1,"Rue des Confédérés",70,204
"INSTITUT DIDEROT",1,"Rue des Capucins",58,204
"INSTITUT BISCHOFFSHEIM",1,"Rue de la Blanchisserie",52,204
"INSTITUT DES ARTS ET METIERS",1,"Boulevard de l'Abattoir",50,204
"INSTITUT NOTRE-DAME DE LOURDES",1,"Rue Edmond Tollenaere",32,204
"INSTITUT SAINT-JOSEPH D'ENSEIGNEMENT TECHNIQUE",1,"Rue Félix Hap",14,222
"ATHENEE ROYAL D'EVERE",1,"Avenue Constant Permeke",2,224
"CENTRE SCOLAIRE EPERONNIERS-MERCELIS",1,"Rue Mercelis",36-38,230
"INSTITUT DES URSULINES",1,"RUE JULES DEBECKER",71,234
"CENTRE COMMUNAL D'ENSEIGNEMENT TECHNIQUE PIERRE PAULUS",1,"Rue de la Croix de Pierre",73,238
"INSTITUT TECHN. CARDINAL MERCIER-NOTRE-DAME DU SACRE-COEUR",1,"Rue Portaels",81,246
"INSTITUT DON BOSCO",1,"Avenue du Val d'Or","90 D",254
"INSTITUT TECHNIQUE PROVINCIAL",1,"Parc de Wisterzée",,576
"C.E.P.E.S. CENTRE PROV. D'ENS. PRIM., SEC. ET PEDAGOG.",1,"Chaussée de Tirlemont",85,604
"COLLEGE SAINTE-GERTRUDE",1,"Faubourg de Mons",1,619
"INSTITUT PROVINCIAL DES ARTS ET METIERS",1,"Rue Ferdinand Delcroix",33,619
"INSTITUT DU SACRE-COEUR",1,"Rue Saint-Jean",2,619
"INSTITUT PROVINCIAL D'ENSEIGNEMENT TECHNIQUE",1,"Rue du Paradis",79A,619
"INSTITUT PROVINCIAL D'ENSEIGNEMENT SECONDAIRE",1,"Chaussée de Mons",241-243,637
"COLLEGE TECHNIQUE SAINT-JEAN",1,"Rue du Pont Saint-Jean",48,647
"INSTITUT TECHNIQUE",1,"Boulevard du Château",12,1378
"INSTITUT PROVINCIAL D'ENSEIGNEMENT SECONDAIRE",1,"Rue Paul Pastur",11,1378
"INSTITUT SAINT JOSEPH",1,"Boulevard de l'Yser",12,1456
"INSTITUT D'ENSEIGNEMENT TECHNIQUE NOTRE-DAME",1,"Rue de la Science",52,1456
"UNIVERSITE DU TRAVAIL - INSTITUT D'ENSEIGNEMENT TECHNIQUE SECONDAIRE",1,"Boulevard Gustave Roullier",1,1456
"UNIVERSITE DU TRAVAIL - INSTITUT JEAN JAURES",1,"Rue de la Broucheterre",52B,1456
"INSTITUT SAINTE-ANNE",1,"Rue Circulaire",5,1465
"LYCEE MIXTE FRANCOIS DE SALES",1,"Rue des Vallées",18,1469
"CENTRE EDUCATIF COMMUNAL SECONDAIRE ""LA GARENNE""",1,"Rue de Lodelinsart",200,1456
"ATHENEE ROYAL PIERRE PAULUS",1,"Rue des Gaux",100,1473
"INSTITUT SAINTE-MARIE",1,"Place d'Arenberg",20,1473
"COLLEGE SAINT PIE X",1,"Rue Lloyd George",15,1473
"ATHENEE ROYAL JOURDAN",1,"Rue de Fleurjoux",3,1484
"INSTITUT SAINTE-THERESE",1,Grand'Rue,79,1508
"INSTITUT TECHNIQUE ET COMMERCIAL DES AUMONIERS DU TRAVAIL",1,"Rue de Caraman",13,1540
"INSTITUT DU SACRE-COEUR",1,"Rue des Dames",77,1549
"INSTITUT D'ENSEIGNEMENT DE PROMOTION SOCIALE DE LA COMMUNAUTE FRANCAISE JEMAPPES-QUIEVRAIN",1,"Avenue Roi Albert",643,1572
"INSTITUT TECHNIQUE SAINT-LUC",1,"Rue Saint-Luc",3,1572
"ACADEMIE PROVINCIALE DES METIERS",1,"Bld Président Kennedy",10,1572
"INSTITUT TECHNIQUE DES URSULINES",1,"Avenue du Tir",12,1572
"INSTITUT D'ENSEIGNEMENT SECONDAIRE PARAMEDICAL PROVINCIAL",1,"Bld Président Kennedy",2A,1572
"ATHENEE PROVINCIAL JEAN D'AVESNES",1,"Av du Gouverneur E. Cornez",1,1572
"CENTRE SCOLAIRE DON BOSCO",1,"Rue Grande",21,1596
"LYCEE PROVINCIAL D'ENSEIGNEMENT TECHNIQUE DU HAINAUT",1,"Avenue de l'Enseignement",45,1599
"INSTITUT SAINT-JOSEPH",1,"Avenue de l'Enseignement",10,1599
"ATHENEE ROYAL FERNAND JACQUEMIN",1,"Chaussée de Warneton",26,1647
"INSTITUT SAINT-HENRI",1,"Rue du Commerce",21,1647
"INSTITUT TECHNIQUE SAINT-GABRIEL",1,"Rue de Mons",80,1662
"ATHENEE ROYAL D'ENGHIEN",1,"Rue Montgomery",73,1669
"INSTITUT PROVINCIAL D'ENSEIGNEMENT SECONDAIRE LEON HUREZ",1,"Rue de Bonne Espérance",1,1679
"ATHENEE PROVINCIAL",1,"Boulevard du Tivoli",2B,1679
"ATHENEE ROYAL RENE MAGRITTE",1,"Rue François Watterman",27,1688
"LYCEE PROVINCIAL DES SCIENCES ET DES TECHNOLOGIES",1,"Rue de la Station",59,1713
"ATHENEE ROYAL BEAUMONT",1,"Rue Germain Michiels",3,1727
"INSTITUT PARIDAENS",1,"Grand Place",12,1727
"INSTITUT PROVINCIAL D'ENSEIGNEMENT CHARLES DELIEGE",1,"Rue des Archers",12,1736
"INSTITUT NOTRE-DAME",1,"Rue de Virelles",75,1746
"INSTITUT TECHNIQUE DE LA COMMUNAUTE FRANCAISE",1,"Rue Albert Ier",21,1761
"ECOLE D'ARTS ET METIERS",1,"Rue Sainte-Thérèse",47,1761
"ATHENEE ROYAL THUIN",1,"Drève des Alliés",11,1792
"ATHENEE PROV. MIXTE WAROCQUE",1,"Rue de l'Enseignement",8-oct,1818
"INSTITUT TECHNIQUE DE LA COMMUNAUTE FRANCAISE",1,"Rue Raoul Warocqué",46,1818
"INSTITUT TECHNIQUE DE LA COMMUNAUTE FRANCAISE DAVID LACHMAN",1,"Rue Pauline Hubert",40,1828
"ATHENEE ROYAL PERUWELZ",1,"Rue des Français",31,1858
"Institut d'enseignement de promotion sociale de la communauté française",1,"Boulevard Léopold III",40,1858
"INSTITUT DE LA SAINTE-UNION",1,"Rue Montgomery",71,1875
"INSTITUT PROVINCIAL D'ENSEIGNEMENT SECONDAIRE",1,"Boulevard Léopold",92B,1875
"INSTITUT D'ENSEIGNEMENT TECHNIQUE SAINT-ELOI",1,"Tour Saint-Pierre",11,1916
"ATHENEE PROVINCIAL",1,"Rue du Rempart",16,1916
"ECOLE POLYTECHNIQUE DE HUY-ENSEIGNEMENT DE LA PROVINCE DE LIEGE",1,"Rue Saint-Pierre",48,1968
"INSTITUT DON BOSCO",1,"Rue des Cotillages",2,1968
"COLLEGE SAINT-FRANCOIS D'ASSISE",1,"Rue du Cimetière",2,2021
"ATHENEE ROYAL AYWAILLE",1,"Avenue François Cornesse",48,2032
"CENTRE SCOLAIRE SAINTE-JULIENNE (D2 D3)",1,"Avenue des Martyrs",246,2068
"COLLEGE NOTRE-DAME ET SAINT-LAMBERT ET INSTITUT SAINT-LAURENT",1,"Rue Elisa Dumonceau",75,2073
"ECOLE POLYTECHNIQUE DE HERSTAL - ENSEIGNEMENT DE LA PROVINCE DE LIEGE",1,"Rue de l'Ecole Technique",34,2073
"CENTRE D'ENSEIGNEMENT SECONDAIRE LEON MIGNON",1,"Rue Léon Mignon",2,2088
"INSTITUT DE LA CONSTRUCTION DES ARTS DECORATIFS ET INDUSTRIELS",1,"Rue de Fragnée",76,2088
"ECOLE D'HOTELLERIE ET DE TOURISME",1,En-Hors-Château,13,2088
"ECOLE DE COIFFURE ET DE BIOESTHETIQUE",1,"Rue de Pitteurs",31,2088
"INSTITUT SAINT-LAURENT",1,"Rue Saint-Laurent",29,2088
"INSTITUT DON BOSCO",1,"Rue des Wallons",59,2088
"CENTRE D'ENSEIGNEMENT SECONDAIRE LEONARD DEFRANCE",1,"Rue de l'Espérance",62,2088
"COLLEGE SAINT-MARTIN - I.S.M. PAIRAY",1,"Rue de la Province",101,2111
"ECOLE POLYTECHNIQUE DE SERAING - ENSEIGNEMENT DE LA PROVINCE DE LIEGE",1,"Rue de Colard Trouillet",48,2111
"INSTITUT SAINTE-MARIE",1,"Rue Cockerill",148,2111
"ATHENEE ROYAL VISE",1,"Rue du Gollet",2,2132
"INSTITUT SACRE-COEUR ET SAINT-JOSEPH",1,"Rue de la Trairie",27,2132
"ATHENEE PROVINCIAL DE FLEMALLE GUY LANG",1,Grand'Route,317,2153
"INSTITUT DE LA PROVIDENCE",1,"Avenue Reine Astrid",2A,2214
"ECOLE POLYTECHNIQUE DE VERVIERS - ENSEIGNEMENT DE LA PROVINCE DE LIEGE",1,"Rue aux Laines",69,2297
"INSTITUT D'ENSEIGNEMENT TECHNIQUE DON BOSCO",1,"Rue des Alliés",70,2297
"INSTITUT PROVINCIAL D'ENSEIGNEMENT SECONDAIRE DE VERVIERS",1,"Rue Peltzer de Clermont",104,2297
"INSTITUT SAINTE-CLAIRE",1,"Rue Sècheval",32,2297
"INSTITUT SAINT-LOUIS",1,"Avenue du Prince Régent",30,2438
"INSTITUT NOTRE-DAME - 2E ET 3E DEGRES",1,"Rue Joseph Netzer",21,2713
"INSTITUT CARDIJN LORRAINE - ENSEIGNEMENT TECHNIQUE ET PROFESSIONNEL",1,"Rue de Neufchâteau",69,2713
"INSTITUT TECHNIQUE DE LA COMMUNAUTE FRANCAISE ETIENNE LENOIR",1,"Chemin de Weyler",2,2713
"ATHENEE ROYAL DE BASTOGNE - HOUFFALIZE",1,"Avenue de la Gare",12,2738
"INSTITUT NOTRE-DAME - SEMINAIRE 2E ET 3E DEGRES",1,"Rue Piconrue",6,2738
"ATHENEE ROYAL MARCHE-BOMAL",1,"Avenue de la Toison d'Or",71,2818
"INSTITUT SAINT-ROCH",1,"Rue Américaine",28,2818
"INSTITUT SAINT-JOSEPH - ECOLE TECHNIQUE BERTRIX",1,"Rue de Bonance",11,2927
"INSTITUT TECHNIQUE DE LA COMMUNAUTE FRANCAISE CENTRE ARDENNE",1,"Avenue Herbofin",39,2927
"INSTITUT DE LA SAINTE-FAMILLE I.S.F.",1,"Rue de Montmédy",2,2978
"INSTITUT DES ARTS ET METIERS",1,"Rue d'Arlon",112,2978
"ATHENEE ROYAL NORBERT COLLARD",1,"Rue de Dinant",23,3006
"INSTITUT NOTRE-DAME",1,"Rue de Givet",21,3006
"ATHENEE ROYAL DU CONDROZ JULES DELOT",1,"Square Omer Bertrand",1,3035
"INSTITUT DE LA PROVIDENCE",1,"Rue Piconette",1,3035
"INSTITUT SAINT-JOSEPH - ECOLE TECHNIQUE",1,"Rue Saint-Hubert",14-16,3035
"INSTITUT TECHNIQUE DE LA COMMUNAUTE FRANCAISE",1,"Domaine d'Herbuchenne",,3045
"COMMUNAUTE SCOLAIRE LIBRE GEORGES COUSOT",1,"Place Albert Ier",11,3045
"INSTITUT SAINTE-BEGGE",1,"Place du Chapitre",12,3159
"INSTITUT SAINT-JOSEPH",1,"Rue Mazy",20,3224
"ECOLE PROFESSIONNELLE",1,"Rue Florent Dethier",31,3226
"Institut d'enseignement de promotion sociale de la communauté française - cefor",1,"Boulevard Cauchy",9-oct,3224
"INSTITUT DES TECHNIQUES ET DES COMMERCES AGRO-ALIMENTAIRES",1,"Chaussée de Nivelles",204,3224
"INSTITUT TECHNIQUE DE LA COMMUNAUTE FRANCAISE HENRI MAUS",1,"Pl de l'Ecole des Cadets",4,3224
"COMMUNAUTE EDUCATIVE SAINT-JEAN-BAPTISTE (2E ET 3E DEGRES)",1,"Rue du Collège",27,3273
"COLLEGE SAINT-ANDRE (enseignement technique et professionnel)",1,"Rue des Auges",22,3273
"INSTITUT TECHNIQUE DE LA COMMUNAUTE FRANCAISE",1,"Rue Verlaine",5,3309
"INSTITUT SAINTE-MARIE",1,"Rue Noiret",6,3331
"INSTITUT SAINTS-PIERRE ET PAUL",1,"Rue des Ecoles",19,3355
"INSTITUT NOTRE-DAME",1,"Rue Eglise Saint-Philippe",10A,3372
"INSTITUT PROVINCIAL D'ENSEIGNEMENT SECONDAIRE",1,"Quai aux Huîtres",31,647
"INSTITUT TECHNIQUE DE LA COMMUNAUTE FRANCAISE RENEE JOFFROY",1,"Chaussée de Valenciennes",48,1380
"INSTITUT DON BOSCO",1,"Boulevard Léopold",63,1875
"CEFA - Bruxelles-Ville",1,"Boulevard de l'Abattoir",50,204
"CEFA -CENTRE COMMUNAL D'ENSEIGNEMENT TECHNIQUE PIERRE PAULUS",1,"Rue de la Croix de Pierre",73,238
"CEFA - INSTITUT PROVINCIAL D'ENSEIGNEMENT SECONDAIRE",1,"Rue de l'Ecole",86,694
"CEFA - ATHENEE PROVINCIAL LEUZE-EN-HAINAUT",1,"Rue du Rempart",16,1916
"CEFA - UNIVERSITE DU TRAVAIL - INSTITUT D'ENSEIGNEMENT TECHNIQUE SECONDAIRE",1,"Boulevard Gustave Roullier",1,1456
"CEFA - CENTRE EDUCATIF COMMUNAL SECONDAIRE ""LA GARENNE""",1,"Rue de Lodelinsart",200,1456
"CEFA - COLLEGE TECHNIQUE SAINT-HENRI",1,"Avenue Royale",50,1638
"CEFA - INSTITUT PROVINCIAL D'ENSEIGNEMENT SECONDAIRE LEON HUREZ",1,"Rue Bonne Espérance",1,1679
"CEFA - ECOLE POLYTECHNIQUE DE HUY-ENSEIGNEMENT DE LA PROVINCE DE LIEGE",1,"Rue Saint-Pierre",48,1968
"CEFA - ECOLE POLYTECHNIQUE DE HERSTAL -  ENSEIGNEMENT DE LA PROVINCE DE LIEGE",1,"Rue de l'Ecole Technique",34,2073
"CEFA - VILLE DE LIEGE",1,"Rue des Beaux-Arts",4,2088
"CEFA - ECOLE POLYTECHNIQUE DE SERAING - ENSEIGNEMENT DE LA PROVINCE DE LIEGE",1,"Rue de Colard Trouillet",48,2111
"CEFA - ECOLE POLYTECHNIQUE DE VERVIERS - ENSEIGNEMENT DE LA PROVINCE DE LIEGE",1,"Rue aux Laines",69,2297
"CEFA - INSTITUT DE LA PROVIDENCE",1,"Rue Haberman",27,198
"CEFA - CENTRE SCOLAIRE EPERONNIERS-MERCELIS",1,"Rue Mercelis",36-38,230
"CEFA - COLLEGE TECHNIQUE SAINT-JEAN",1,"Rue du Pont Saint-Jean",48,647
"CEFA - INSTITUT D'ENSEIGNEMENT TECHNIQUE SAINT-ELOI",1,"Tour Saint-Pierre",11,1916
"CEFA - INSTITUT SAINTE-MARIE",1,"Rue de l'Enseignement",1,1493
"CEFA - INSTITUT SAINTE-ANNE",1,"Rue Circulaire",5,1465
"CEFA - INSTITUT TECHNIQUE SAINT-GABRIEL",1,"Rue de Mons",80,1662
"CEFA - INSTITUT SAINT-LUC",1,"Rue Saint-Luc",3,1572
"CEFA - INSTITUT SAINTE-MARIE",1,"Rue Noiret",6,3331
"CEFA - INSTITUT DON BOSCO",1,"Rue des Cotillages",2,1968
"CEFA - INSTITUT DON BOSCO",1,"Rue des Wallons",59,2088
"CEFA - COLLEGE SAINT-MARTIN - I.S.M. PAIRAY",1,"Rue de la Province",101,2111
"CEFA - INSTITUT SAINTE-CLAIRE",1,"Rue Sècheval",32,2297
"CEFA - INSTITUT DES ARTS ET METIERS",1,"Rue de Pierrard",112,2978
"CEFA - INSTITUT NOTRE-DAME - SEMINAIRE",1,"Rue Piconrue",4-juin,2738
"CEFA - INSTITUT SAINT-ROCH",1,"Rue Américaine",28,2818
"CEFA - COMMUNAUTE SCOLAIRE LIBRE GEORGES COUSOT",1,"Place Albert Ier",11,3045
"CEFA - ECOLE PROFESSIONNELLE",1,"Rue Florent Dethier",31,3226
"CEFA - ""BASSE SAMBRE""",1,"Rue du Collège",27,3273
"CEFA - EVERE",1,"Rue Marie-Christine",83,204
"CEFA - MORLANWELZ",1,"Rue Raoul Warocqué",46,1818
"CEFA - MONS - HOUDENG",1,"Boulevard Président Kennedy",10,1572
"CEFA - MOUSCRON",1,"Place de la Justice",1,1638
"CEFA - GLONS",1,"Rue du Gollet",2,2132
"CEFA - ARLON",1,"Chemin de Weyler",2,2713
"CEFA - BASTOGNE",1,"Avenue de la Gare",12,2738
"CEFA - LIBRAMONT",1,"Avenue Herbofin",39,2927
"CEFA - ""L'ATOUT""",1,"Domaine d'Herbuchenne",,3045
"CEFA - SUARLEE",1,"Chaussée de Nivelles",204,3224
"CEFA - ATH",1,"Chaussée de Valenciennes",48,1380
"LYCEE PROVINCIAL HORNU COLFONTAINE",1,"Avenue Fénélon",48,1607
"ATHENEE ROYAL THOMAS EDISON MOUSCRON",1,"Place de la Justice",1,1638
"INSTITUT TECHNIQUE DE LA COMMUNAUTE FRANCAISE VAL - ITMA",1,"Chaussée de Lille",2,1875
"COLLEGE DES AUMONIERS DU TRAVAIL DE CHARLEROI",1,Grand'rue,185,1456
"COLLEGE TECHNIQUE SAINT-HENRI",1,"Avenue Royale",50,1638
"INSTITUT SAINTE-MARIE",1,"Rue de l'Enseignement",1,1493
"COLLEGE DE LA LYS",1,"rue Romaine",40,1647
"ECOLE SECONDAIRE LIBRE SAINT-HUBERT",1,"Rue Saint-Gilles",39,2910